name,url,rating,number_of_ratings,price,asin
American Tourister Fizz Large Size 32 Ltrs Casual Backpack (BLACK),https://www.amazon.in/American-Tourister-AMT-SCH-02/dp/B07CJCGM1M/ref=sr_1_3?crid=2M096C61O4MLT&keywords=bags&qid=1690028075&sr=8-3,4.0 out of 5 stars,54967,1199,B07CJCGM1M
Skybags Brat Black 46 Cms Casual Backpack,https://www.amazon.in/Skybags-Brat-Black-Casual-Backpack/dp/B08Z1HHHTD/ref=sr_1_4?crid=2M096C61O4MLT&keywords=bags&qid=1690028075&sr=8-4,4.1 out of 5 stars,5162,669,B08Z1HHHTD
Wesley Milestone 2.0 Casual Waterproof Laptop Backpack/Office Bag/School Bag/College Bag/Business Bag/Travel Backpack (Dimensions:13x18 inches) (Compatible with 39.62cm(15.6inch laptop) 30 L (Blue & black),https://www.amazon.in/Wesley-Milestone-Waterproof-Backpack-Business/dp/B084JGJ8PF/ref=sr_1_5?crid=2M096C61O4MLT&keywords=bags&qid=1690028075&sr=8-5,4.3 out of 5 stars,11811,550,B084JGJ8PF
Half Moon Large 37L Laptop Bag Backpack for menं Women Boys and Girls Luggage Travel Bags with 17.3 inches Laptop Compartment & Rain Cover,https://www.amazon.in/Half-Moon-Backpack-Luggage-Compartment/dp/B09VCLZ3K4/ref=sr_1_6?crid=2M096C61O4MLT&keywords=bags&qid=1690028075&sr=8-6,3.9 out of 5 stars,3213,849,B09VCLZ3K4
"Half Moon 35 Ltrs Water Resistant 15.6 inch Laptop Bag for Men/Backpack for Men, Navy Blue | Office Bag for Men/Office Bag for Women with Padded Laptop Compartment | Rain Cover & Reflective Strips",https://www.amazon.in/Half-Moon-Waterproof-Backpack-Students/dp/B085MHDJ93/ref=sr_1_7?crid=2M096C61O4MLT&keywords=bags&qid=1690028075&sr=8-7,3.9 out of 5 stars,16565,649,B085MHDJ93
"American Tourister VALEX BLACK LAPTOP BACKPACK 28 Ltrs,Volume, LAPTOP COMPARTMENT, BOTTLE POCKET, FRONT ORGANIZER",https://www.amazon.in/American-Tourister-BACKPACK-COMPARTMENT-ORGANIZER/dp/B0BTD4S4XF/ref=sr_1_8?crid=2M096C61O4MLT&keywords=bags&qid=1690028075&sr=8-8,4.3 out of 5 stars,547,1199,B0BTD4S4XF
Gear Classic 20L Faux Leather Water Resistant Anti Theft Laptop Bag/Backpack for Men/Women (Brown),https://www.amazon.in/Gear-Classic-Leather-Backpack-LBPCLSLTH0201/dp/B07G4F6XFH/ref=sr_1_9?crid=2M096C61O4MLT&keywords=bags&qid=1690028075&sr=8-9,4.4 out of 5 stars,5912,987,B07G4F6XFH
Wesley Spartan Unisex Travel Hiking Laptop Bag fits Upto 17.3 inch with Raincover and Internal Organiser Backpack Rucksack College Bag,https://www.amazon.in/Wesley-Spartan-Hiking-Raincover-Organiser/dp/B098QFF5TJ/ref=sr_1_10?crid=2M096C61O4MLT&keywords=bags&qid=1690028075&sr=8-10,4.1 out of 5 stars,1546,749,B098QFF5TJ
Gear Cello 30 Ltrs Black Laptop Backpack (LBPASPIRE0104),https://www.amazon.in/Gear-Black-Laptop-Backpack-LBPASPIRE0104/dp/B075MK4TXP/ref=sr_1_13?crid=2M096C61O4MLT&keywords=bags&qid=1690028075&sr=8-13,4.4 out of 5 stars,5898,1125,B075MK4TXP
Safari Compact Size 15 Ltrs Casual Backpack For Unisex Adult - Sea Blue,https://www.amazon.in/SAFARI-Ltrs-Casual-Backpack-DAYPACKNEO15CBSEB/dp/B07Q7CNPMV/ref=sr_1_14?crid=2M096C61O4MLT&keywords=bags&qid=1690028075&sr=8-14,4.0 out of 5 stars,19980,248,B07Q7CNPMV
"TRUE HUMAN Emperor Anti-Theft backpack With USB charging Port Laptop Bag, Office bag, college bag and anti -theft back pocket (Black)",https://www.amazon.in/TRUE-HUMAN-Anti-Theft-backpack-charging/dp/B09QJ7ZF2Y/ref=sr_1_15?crid=2M096C61O4MLT&keywords=bags&qid=1690028075&sr=8-15,3.8 out of 5 stars,2300,689,B09QJ7ZF2Y
"Lenovo 15.6"" (39.62cm) Slim Everyday Backpack, Made in India, Compact, Water-resistant, Organized storage:Laptop sleeve,tablet pocket,front workstation,2-side pockets,Padded adjustable shoulder straps",https://www.amazon.in/Lenovo-15-6-Inches-Everyday-Backpack/dp/B08R7RPVJF/ref=sr_1_16?crid=2M096C61O4MLT&keywords=bags&qid=1690028075&sr=8-16,4.3 out of 5 stars,3680,839,B08R7RPVJF
HAMMONDS FLYCATCHER Laptop Bag for Men - Genuine Leather Messenger Shoulder Bag - Fits 14/15.6/16 Inch Laptops - Brown Office Bag - Multiple Pockets -Water Resistant -Executive Bag for Work and Travel,https://www.amazon.in/Hammonds-Flycatcher-Leather-Messenger-LB190BRN/dp/B083M1QK32/ref=sr_1_17?crid=2M096C61O4MLT&keywords=bags&qid=1690028075&sr=8-17,4.4 out of 5 stars,570,5255,B083M1QK32
ADISA 15.6 inch Laptop Backpack Office Bag College Travel Back Pack 32 Ltrs (z-Navy Blue),https://www.amazon.in/ADISA-Laptop-Backpack-Office-College/dp/B09TPX22NF/ref=sr_1_18?crid=2M096C61O4MLT&keywords=bags&qid=1690028075&sr=8-18,3.9 out of 5 stars,1014,549,B09TPX22NF
Arctic Fox 15 Liters Draw String Bag Lavender Backpack,https://www.amazon.in/Arctic-Fox-Liters-String-Backpack/dp/B08L6Q9V1H/ref=sr_1_19?crid=2M096C61O4MLT&keywords=bags&qid=1690028075&sr=8-19,4.3 out of 5 stars,3387,229,B08L6Q9V1H
NORTH ZONE Casual Waterproof Laptop Backpack/Office Bag/School Bag/College Bag/Business Bag/Travel Backpack (Dimensions:13x18 inches) (Compatible with 39.62cm(15.6inch laptop) 30 L,https://www.amazon.in/NORTH-ZONE-Waterproof-Backpack-Dimensions/dp/B0BS6QQZYN/ref=sr_1_20?crid=2M096C61O4MLT&keywords=bags&qid=1690028075&sr=8-20,4.0 out of 5 stars,470,499,B0BS6QQZYN
Gear CarryOn 16L Foldable Water Resistant School Bag//Backpack/College Bag for Men/Women - Blue Black,https://www.amazon.in/GEAR-Black-Blue-Backpack-years/dp/B019HA8AYG/ref=sr_1_19?crid=2M096C61O4MLT&keywords=bags&qid=1690028087&sr=8-19,3.7 out of 5 stars,6821,224,B019HA8AYG
ADISA 32L Large Laptop Backpack Office Bag College Travel Back Pack with rain Cover (Grey),https://www.amazon.in/ADISA-Laptop-Backpack-Office-College/dp/B0BPVLXD53/ref=sr_1_20?crid=2M096C61O4MLT&keywords=bags&qid=1690028087&sr=8-20,3.8 out of 5 stars,261,699,B0BPVLXD53
ADISA Light Weight Laptop Backpack 32 Ltrs,https://www.amazon.in/ADISA-BP005-Weight-Casual-Backpack/dp/B07F3X45WZ/ref=sr_1_21?crid=2M096C61O4MLT&keywords=bags&qid=1690028087&sr=8-21,4.0 out of 5 stars,6012,499,B07F3X45WZ
"American Tourister VALEX BLUE LAPTOP BACKPACK 28 Ltrs,Volume, LAPTOP COMPARTMENT, BOTTLE POCKET, FRONT ORGANIZER",https://www.amazon.in/American-Tourister-BACKPACK-COMPARTMENT-ORGANIZER/dp/B0BTD4FK9G/ref=sr_1_22?crid=2M096C61O4MLT&keywords=bags&qid=1690028087&sr=8-22,4.2 out of 5 stars,502,1399,B0BTD4FK9G
"Safari Flash Casual Backpack, 26 ltr Water Resistant Travel Bags| Weight Polyester Bagpack for Men and Women, Spacious Shoulder Bag for College, Office, Travelling and Camping",https://www.amazon.in/Safari-Backpack-Resistant-Polyester-Travelling/dp/B09B26VHXV/ref=sr_1_23?crid=2M096C61O4MLT&keywords=bags&qid=1690028087&sr=8-23,3.8 out of 5 stars,2964,799,B09B26VHXV
Half Moon Strike 35L Unisex Spacious School/Laptop/College/Office Travel Backpack Bag for Men Women Boys & Girls with 15.6 inch Padded Laptop Compartment & Multiple Pockets,https://www.amazon.in/Half-Moon-Resistant-Backpack-Compartment/dp/B0BLVQ9NTD/ref=sr_1_24?crid=2M096C61O4MLT&keywords=bags&qid=1690028087&sr=8-24,3.8 out of 5 stars,570,699,B0BLVQ9NTD
"POLESTAR Vintage 15.6 inch 32 LTR Casual Laptop Backpack/Office Bag/School Bag/College Bag/Business Bag/Unisex Backpack, Water Resistant and Light Weight, 1 year Warranty",https://www.amazon.in/POLESTAR-Vintage-Laptop-Backpack-bagpack/dp/B081GSQ9D9/ref=sr_1_25?crid=2M096C61O4MLT&keywords=bags&qid=1690028087&sr=8-25,3.9 out of 5 stars,9024,549,B081GSQ9D9
"Mi Step Out 12 L Mini Backpack (Small Size, Black, Water Repellant)",https://www.amazon.in/Backpack-Small-Black-Water-Repellant/dp/B088XB5XY8/ref=sr_1_26?crid=2M096C61O4MLT&keywords=bags&qid=1690028087&sr=8-26,4.1 out of 5 stars,9451,398,B088XB5XY8
F Gear Luxur Brown 25 liter Laptop Backpack (2404),https://www.amazon.in/F-Gear-Luxur-Brown-Backpack/dp/B01F7AX9ZA/ref=sr_1_29?crid=2M096C61O4MLT&keywords=bags&qid=1690028087&sr=8-29,4.4 out of 5 stars,16957,1162,B01F7AX9ZA
Safari Quill Large Laptop Backpack 26 Ltrs Water Resistant Fabric - Black,https://www.amazon.in/Safari-Laptop-Backpack-Resistant-Fabric/dp/B09B25Z8M2/ref=sr_1_30?crid=2M096C61O4MLT&keywords=bags&qid=1690028087&sr=8-30,3.9 out of 5 stars,968,899,B09B25Z8M2
Safari Quill Large Laptop Backpack 26 Ltrs Water Resistant Fabric - Blue,https://www.amazon.in/Safari-Laptop-Backpack-Resistant-Fabric/dp/B09B28TKLG/ref=sr_1_31?crid=2M096C61O4MLT&keywords=bags&qid=1690028087&sr=8-31,4.0 out of 5 stars,709,899,B09B28TKLG
FUR JADEN Anti Theft Backpack 15.6 Inch Laptop Bag with USB Charging Port For Men Women Boys Girls,https://www.amazon.in/Fur-Jaden-Black-Waterproof-Backpack/dp/B078GLXMDY/ref=sr_1_32?crid=2M096C61O4MLT&keywords=bags&qid=1690028087&sr=8-32,4.0 out of 5 stars,13793,839,B078GLXMDY
Zipline Unisex Casual Polyester 36 L Backpack School Bag Women Men Boys Girls Children Daypack College Bag Book School Sports Bag,https://www.amazon.in/Zipline-Nexa-Resistant-Bagpack-Backpack/dp/B08WQ668WJ/ref=sr_1_33?crid=2M096C61O4MLT&keywords=bags&qid=1690028087&sr=8-33,3.7 out of 5 stars,926,843,B08WQ668WJ
American Tourister Casual Backpack,https://www.amazon.in/American-Tourister-AMT-SCH-BAG02/dp/B07CGLDV2C/ref=sr_1_34?crid=2M096C61O4MLT&keywords=bags&qid=1690028087&sr=8-34,4.2 out of 5 stars,4049,1249,B07CGLDV2C
Martucci 15.6 inch 30 L Casual Waterproof Laptop Backpack/Office Bag/School Bag/College Bag/Business Bag/Unisex Travel Backpack(Black),https://www.amazon.in/Martucci-Casual-Travelling-Laptop-Backpack/dp/B088B4P6ZW/ref=sr_1_35?crid=2M096C61O4MLT&keywords=bags&qid=1690028087&sr=8-35,3.9 out of 5 stars,7654,549,B088B4P6ZW
"FATMUG Laptop Bag For Men - Convertible Backpack For Office And Travel (Dark Grey,Oxford Fabric)",https://www.amazon.in/FATMUG-Laptop-Bag-Men-Convertible/dp/B084LF4RT5/ref=sr_1_36?crid=2M096C61O4MLT&keywords=bags&qid=1690028087&sr=8-36,4.4 out of 5 stars,2162,1599,B084LF4RT5
Bennett™ Mystic 15.6 inch (39.6cm) Laptop Briefcase Shoulder Sling Office Business Professional Travel Messenger Bag for Men and Women Water Repellent Formal Executive Bags (Grey) 6 Months Warranty,https://www.amazon.in/BennettTM-Mystic-Shoulder-Messenger-Repellent/dp/B09321GJXZ/ref=sr_1_35?crid=2M096C61O4MLT&keywords=bags&qid=1690028098&sr=8-35,4.0 out of 5 stars,6177,512,B09321GJXZ
NIVIA Basic Duffle Polyester Bag/Gym Bags/Adjustable Shoulder Bag for Men/Duffle Gym Bags for Men/Fitness Bag/Carry Bags/Sports & Travel Bag/Sports Kit/Duffle Bags Travel,https://www.amazon.in/Nivia-6853-Polyester-Basic-Duffle/dp/B07FWQ9HRV/ref=sr_1_36?crid=2M096C61O4MLT&keywords=bags&qid=1690028098&sr=8-36,4.0 out of 5 stars,3672,269,B07FWQ9HRV
Northzone Lightweight school bags Backpacks for Boys Girls Stylish men and women Casual Travel Laptop Bag College office (Black) 40L,https://www.amazon.in/NORTH-ZONE-Lightweight-Backpacks-Stylish/dp/B0BL3TVDK6/ref=sr_1_37?crid=2M096C61O4MLT&keywords=bags&qid=1690028098&sr=8-37,4.0 out of 5 stars,120,415,B0BL3TVDK6
"Fur Jaden 55 LTR Rucksack Travel Backpack Bag for Trekking, Hiking with Shoe Compartment",https://www.amazon.in/Rucksack-Travel-Backpack-Trekking-Compartment/dp/B07YDGQQN5/ref=sr_1_38?crid=2M096C61O4MLT&keywords=bags&qid=1690028098&sr=8-38,4.3 out of 5 stars,5462,849,B07YDGQQN5
LOOKMUSTER (15.6 inch 30 L Casual Waterproof Laptop Backpack/Office Bag/School Bag/College Bag/Business Bag/Unisex Travel Backpack,https://www.amazon.in/LOOKMUSTER-Waterproof-Backpack-College-Business/dp/B0BZW8KW18/ref=sr_1_39?crid=2M096C61O4MLT&keywords=bags&qid=1690028098&sr=8-39,4.0 out of 5 stars,30,439,B0BZW8KW18
Wildcraft Work Packs'18 21 Ltrs Black Laptop Backpack (Streak Plus),https://www.amazon.in/Wildcraft-Packs18-Laptop-Backpack-Streak/dp/B07FC4D9B5/ref=sr_1_40?crid=2M096C61O4MLT&keywords=bags&qid=1690028098&sr=8-40,4.4 out of 5 stars,1975,1374,B07FC4D9B5
"TABELITO Casual Laptop Backpack 15.6-inch, 25 LTR Water Repellent",https://www.amazon.in/Tabelito-Laptop-Backpack-15-6-inch-Repellent/dp/B08Y5S6C2P/ref=sr_1_41?crid=2M096C61O4MLT&keywords=bags&qid=1690028098&sr=8-41,4.0 out of 5 stars,682,549,B08Y5S6C2P
ADISA 31 Ltrs Casual Backpack School College Bag Pack,https://www.amazon.in/ADISA-Casual-Backpack-College-BP046-NAV_Navy/dp/B0BX3QFVSM/ref=sr_1_42?crid=2M096C61O4MLT&keywords=bags&qid=1690028098&sr=8-42,3.8 out of 5 stars,122,399,B0BX3QFVSM
Zipline Unisex casual polyester 36 L Backpack School Bag Women Men Boys Girls children Daypack College Bag Book School Sports Bag Weekend Bag,https://www.amazon.in/ZIPLINE-Polyester-Backpack-Children-Daypack/dp/B07XVMVV77/ref=sr_1_45?crid=2M096C61O4MLT&keywords=bags&qid=1690028098&sr=8-45,4.0 out of 5 stars,6077,843,B07XVMVV77
Arctic Fox Slope Anti Theft 23 L Backpack with USB Charging Port 15 Inch Laptop Backpack (Marble Black),https://www.amazon.in/Arctic-Fox-Backpack-Charging-Laptop/dp/B089QBD333/ref=sr_1_46?crid=2M096C61O4MLT&keywords=bags&qid=1690028098&sr=8-46,4.5 out of 5 stars,4019,1439,B089QBD333
"Amazon Basics Slope Basics Black Anti-theft 15.6 inches Laptop Bag, Office/College Backpack",https://www.amazon.in/Amazon-Basics-Anti-theft-College-Backpack/dp/B0C8NWKRRH/ref=sr_1_47?crid=2M096C61O4MLT&keywords=bags&qid=1690028098&sr=8-47,4.5 out of 5 stars,213,869,B0C8NWKRRH
"Lunar's V-Line Backpack for Men, Blue | 35L Water Resistant School Bags for Boys | Stylish, & Durable | College Bags for Men/College Bag for Girls | 1 Yr Warranty",https://www.amazon.in/Lunars-V-Line-Resistant-Bagpack-College/dp/B08BP5CYDV/ref=sr_1_48?crid=2M096C61O4MLT&keywords=bags&qid=1690028098&sr=8-48,4.1 out of 5 stars,2625,799,B08BP5CYDV
Half Moon 45L Hammer Waterproof Laptop Travelling Rucksack Trekking Backpack for Travel Journey bags for Men Women Boys & Girls with 17.3inch Laptop Compartment & Rain cover,https://www.amazon.in/Half-Moon-Trekking-Bags-Compartment/dp/B08PSX1LN9/ref=sr_1_49?crid=2M096C61O4MLT&keywords=bags&qid=1690028098&sr=8-49,4.1 out of 5 stars,1359,1399,B08PSX1LN9
"MOKOBARA The Work Backpack - II Black Nylon Water Resistant (16"") Laptop | Work | Travel Bag for Men and Women",https://www.amazon.in/MOKOBARA-Work-Backpack-Resistant-Reflection/dp/B0C9J8JJ6C/ref=sr_1_50?crid=2M096C61O4MLT&keywords=bags&qid=1690028098&sr=8-50,4.0 out of 5 stars,1,8999,B0C9J8JJ6C
"URBAN TRIBE Havana Laptop Backpack for Men & Women | Laptop Bag 15.6 inch | Office Work/Casual/College Bag | Black, 27L",https://www.amazon.in/Urban-Tribe-Laptop-Backpack-Havana/dp/B01LXNNFDF/ref=sr_1_51?crid=2M096C61O4MLT&keywords=bags&qid=1690028098&sr=8-51,3.9 out of 5 stars,782,939,B01LXNNFDF
"STRABO Cooper for Boys Girls Stylish Men and Women Casual 15"" inch 25L CANVAS Laptop BACKPACK | Office, College, Travel Bag",https://www.amazon.in/STRABO-Cooper-Laptop-Bag-Capacity/dp/B0BX9SVT1D/ref=sr_1_52?crid=2M096C61O4MLT&keywords=bags&qid=1690028098&sr=8-52,4.4 out of 5 stars,50,699,B0BX9SVT1D
"Safari Sneak Casual Backpack with USB Charging Port 26 Ltrs Water Resistant Fabric - Grey, L (SNEAK19CBGRE)",https://www.amazon.in/Safari-Casual-Backpack-Charging-Resistant/dp/B09B2581S9/ref=sr_1_51?crid=2M096C61O4MLT&keywords=bags&qid=1690028109&sr=8-51,3.8 out of 5 stars,1017,949,B09B2581S9
"Wesley Milestone 2.0 Casual Waterproof Laptop Backpack/Office Bag/School Bag/College Bag/Business Bag/Travel Backpack (Dimensions:13x18 inches) (Compatible with 39.62cm(15.6inch laptop) 30 L, Charcoal black",https://www.amazon.in/Wesley-Milestone-Waterproof-Backpack-Business/dp/B085S444JV/ref=sr_1_52?crid=2M096C61O4MLT&keywords=bags&qid=1690028109&sr=8-52,4.3 out of 5 stars,11811,550,B085S444JV
"FUR JADEN Anti Theft Number Lock Backpack Bag with 15.6 Inch Laptop Compartment, USB Charging Port & Organizer Pocket for Men Women Boys Girls",https://www.amazon.in/Number-Backpack-Compartment-Charging-Organizer/dp/B09VTDMRY7/ref=sr_1_53?crid=2M096C61O4MLT&keywords=bags&qid=1690028109&sr=8-53,4.0 out of 5 stars,4894,679,B09VTDMRY7
Gear Classic 20L Faux Leather Water Resistant Anti Theft Laptop Bag/Backpack for Men/Women-Tan,https://www.amazon.in/Classic-Leather-Laptop-Backpack-LBPCLSLTH1901/dp/B07G4CYC74/ref=sr_1_54?crid=2M096C61O4MLT&keywords=bags&qid=1690028109&sr=8-54,4.4 out of 5 stars,2483,979,B07G4CYC74
"AirCase Laptop Bag Backpack Case Pouch for Laptop Backpack for Men & Women,Premium Vegan Leather",https://www.amazon.in/AirCase-C34-Laptop-Backpack-Women/dp/B07QN4KXWG/ref=sr_1_55?crid=2M096C61O4MLT&keywords=bags&qid=1690028109&sr=8-55,3.8 out of 5 stars,856,929,B07QN4KXWG
Half Moon Aztec 37L School Bag Class 5-12 | College Bagpack for Men/College Back pack for Women | 15.6 inch Laptop Bag for Men/Backpack for Men | Spacious & Multiple Pockets,https://www.amazon.in/Half-Moon-Backpack-Spacious-Multiple/dp/B0C23Z9W18/ref=sr_1_56?crid=2M096C61O4MLT&keywords=bags&qid=1690028109&sr=8-56,3.7 out of 5 stars,147,649,B0C23Z9W18
"Safari Spartan 21 Ltrs Water Resistant Backpack - Teal, S (SPARTAN19CBTEA)",https://www.amazon.in/Safari-Spartan-Water-Resistant-Backpack/dp/B09B277CR5/ref=sr_1_57?crid=2M096C61O4MLT&keywords=bags&qid=1690028109&sr=8-57,3.8 out of 5 stars,893,599,B09B277CR5
Lavie Sport Lino Large Size 63 cms Wheel Duffle Bag for Travel | Travel Bag with Trolley,https://www.amazon.in/Lavie-Sport-Duffle-Luggage-Trolley/dp/B097RJ22Q3/ref=sr_1_58?crid=2M096C61O4MLT&keywords=bags&qid=1690028109&sr=8-58,4.0 out of 5 stars,8045,1049,B097RJ22Q3
NORTH ZONE Lightweight school bags Backpacks for Boys Girls Stylish men and women Casual Travel Laptop Bag College office,https://www.amazon.in/NORTH-ZONE-Lightweight-Backpacks-Stylish/dp/B0BL3SPN16/ref=sr_1_61?crid=2M096C61O4MLT&keywords=bags&qid=1690028109&sr=8-61,3.9 out of 5 stars,826,470,B0BL3SPN16
Half Moon Aztec 37L School Bag Class 5-12 | College Bagpack for Men/College Back pack for Women | 15.6 inch Laptop Bag for Men/Backpack for Men | Spacious & Multiple Pockets,https://www.amazon.in/Half-Moon-Backpack-Spacious-Multiple/dp/B0C6N3MYL2/ref=sr_1_62?crid=2M096C61O4MLT&keywords=bags&qid=1690028109&sr=8-62,3.7 out of 5 stars,147,599,B0C6N3MYL2
Half Moon Valex Unisex School Bag/Laptop Backpack/College Bagpack/Office Back Packed | Laptop Bag for Men & Women | School Bags for Boys & Girls with Small Pockets & Laptop Compartment,https://www.amazon.in/Half-Moon-Laptop-Bag-Compartment/dp/B0C1NZLF67/ref=sr_1_63?crid=2M096C61O4MLT&keywords=bags&qid=1690028109&sr=8-63,3.7 out of 5 stars,60,649,B0C1NZLF67
Lavie Sport Lino M Duffle Wheeler Bag for Travel | 2 Wheel Luggage Bag | Travel Bag with Adjustable Handle,https://www.amazon.in/Lavie-Sport-Duffle-Luggage-Wheeler/dp/B0992JCN1W/ref=sr_1_64?crid=2M096C61O4MLT&keywords=bags&qid=1690028109&sr=8-64,3.8 out of 5 stars,3267,749,B0992JCN1W
Wesley 15 Liter Casual Daypack Backpack,https://www.amazon.in/Wesley-Liter-Casual-Daypack-Backpack/dp/B0BVVY98PZ/ref=sr_1_65?crid=2M096C61O4MLT&keywords=bags&qid=1690028109&sr=8-65,3.8 out of 5 stars,66,168,B0BVVY98PZ
"Walkent Stylish 15.6"" Laptop Bag (Model Ritzy) Hi-Quality PU, Waterproof, Anti Theft, External USB, Scratch Resistant for Office College Men Women",https://www.amazon.in/Ritzy-Waterproof-Hi-Quality-External-Resistant/dp/B09Q172X7J/ref=sr_1_66?crid=2M096C61O4MLT&keywords=bags&qid=1690028109&sr=8-66,4.3 out of 5 stars,117,2809,B09Q172X7J
"F Gear Blow Laptop Backpack With Rain Cover 32 Liters (Black,Grey) Sch Bag",https://www.amazon.in/F-Gear-Blow-Laptop-Backpack/dp/B078J63VRY/ref=sr_1_67?crid=2M096C61O4MLT&keywords=bags&qid=1690028109&sr=8-67,4.3 out of 5 stars,1287,1099,B078J63VRY
Safari Sheild 26 Ltrs Water Resistant Casual Backpack - (SHEILD19CBBLK),https://www.amazon.in/Safari-Sheild-Resistant-Casual-Backpack/dp/B09B26T7KQ/ref=sr_1_68?crid=2M096C61O4MLT&keywords=bags&qid=1690028109&sr=8-68,3.9 out of 5 stars,1099,699,B09B26T7KQ
"FUR JADEN Anti Theft Number Lock Backpack Bag with 15.6 Inch Laptop Compartment, USB Charging Port & Organizer Pocket for Men Women Boys Girls",https://www.amazon.in/Number-Backpack-Compartment-Charging-Organizer/dp/B09VTDMRY7/ref=sr_1_67?crid=2M096C61O4MLT&keywords=bags&qid=1690028120&sr=8-67,4.0 out of 5 stars,4894,679,B09VTDMRY7
Safari Sheild 26 Ltrs Water Resistant Casual Backpack - (SHEILD19CBBLK),https://www.amazon.in/Safari-Sheild-Resistant-Casual-Backpack/dp/B09B26T7KQ/ref=sr_1_68?crid=2M096C61O4MLT&keywords=bags&qid=1690028120&sr=8-68,3.9 out of 5 stars,1099,699,B09B26T7KQ
Lunar's Comet 35L Water Resistant Travel Bagpack/College Backpack/School Bag/Office Bag/Business Backpack/Daypack for Men and Women with 1 Year Warranty,https://www.amazon.in/Lunars-Comet-Resistant-Casual-Backpack/dp/B07WNFN1XS/ref=sr_1_69?crid=2M096C61O4MLT&keywords=bags&qid=1690028120&sr=8-69,4.0 out of 5 stars,13529,799,B07WNFN1XS
"Genie Lily Laptop Backpack for Women, 3 compartments, Stylish and Trendy College Bags for Girls, Water Resistant and Lightweight Bags for Office and Travelling Purpose.36 litres (19 inch) Black colour",https://www.amazon.in/Genie-compartments-Lightweight-Travelling-Purpose-36/dp/B097JHSJTL/ref=sr_1_70?crid=2M096C61O4MLT&keywords=bags&qid=1690028120&sr=8-70,5.0 out of 5 stars,1,899,B097JHSJTL
LOOKMUSTER Casual Waterproof Laptop Backpack/Office Bag/School Bag/College Bag/Business Bag/Travel Backpack…,https://www.amazon.in/LOOKMUSTER-Waterproof-Backpack-College-Business/dp/B0BS6YGKMC/ref=sr_1_71?crid=2M096C61O4MLT&keywords=bags&qid=1690028120&sr=8-71,3.8 out of 5 stars,35,499,B0BS6YGKMC
"FUR JADEN Travel Laptop Backpack, Business Backpacks with USB Charging Port, Water Resistant College School Computer Bag for Men & Women Fits Under 15.6 inch Laptop and Notebook",https://www.amazon.in/Backpack-Business-Backpacks-Charging-Resistant/dp/B094DGX84G/ref=sr_1_72?crid=2M096C61O4MLT&keywords=bags&qid=1690028120&sr=8-72,4.3 out of 5 stars,479,949,B094DGX84G
"PAZZO Alto 40L Casual Backpack - 3 Compartment Travel Backpack, College|School Bag with 1 Year Warranty",https://www.amazon.in/PAZZO-Alto-40L-Casual-Backpack/dp/B07VT3F795/ref=sr_1_73?crid=2M096C61O4MLT&keywords=bags&qid=1690028120&sr=8-73,4.0 out of 5 stars,1767,849,B07VT3F795
"FUR JADEN Anti Theft Number Lock Backpack Bag with 15.6 Inch Laptop Compartment, USB Charging Port & Organizer Pocket for Men Women Boys Girls",https://www.amazon.in/Number-Backpack-Compartment-Charging-Organizer/dp/B09VTCNN75/ref=sr_1_74?crid=2M096C61O4MLT&keywords=bags&qid=1690028120&sr=8-74,4.0 out of 5 stars,4894,679,B09VTCNN75
"WILDHORN 31L Laptop Backpack for Men/Women I Fits upto 15.6"" Laptop I Waterproof I Travel/Business/College Bookbags",https://www.amazon.in/WILDHORN-Backpack-Compartment-Business-Stitching/dp/B09QL81ZHB/ref=sr_1_77?crid=2M096C61O4MLT&keywords=bags&qid=1690028120&sr=8-77,4.0 out of 5 stars,1444,599,B09QL81ZHB
ADISA 32L Large Laptop Backpack Office Bag College Travel Back Pack with rain Cover (Black),https://www.amazon.in/ADISA-Laptop-Backpack-Office-College/dp/B0BPTV3795/ref=sr_1_78?crid=2M096C61O4MLT&keywords=bags&qid=1690028120&sr=8-78,3.8 out of 5 stars,261,646,B0BPTV3795
Tommy Hilfiger Connor Laptop Backpack,https://www.amazon.in/Hilfiger-Connor-Backpack-TH-CONNORLAP07/dp/B07N99SXB1/ref=sr_1_79?crid=2M096C61O4MLT&keywords=bags&qid=1690028120&sr=8-79,4.1 out of 5 stars,127,1799,B07N99SXB1
NORTH ZONE Casual Waterproof Laptop Backpack/Office Bag/School Bag/College Bag/Business Bag/Travel Backpack (Dimensions:13x18 inches) (Compatible with 39.62cm(15.6inch laptop) 30 L,https://www.amazon.in/NORTH-ZONE-Waterproof-Backpack-Dimensions/dp/B0BS6QM2GD/ref=sr_1_80?crid=2M096C61O4MLT&keywords=bags&qid=1690028120&sr=8-80,4.0 out of 5 stars,470,499,B0BS6QM2GD
Half Moon 34 L Water Resistant 15.6 inch Laptop Bag/Backpack for Men Women Boys Girls/Office School College with Padded Laptop Compartment (Grey),https://www.amazon.in/Half-Moon-Resistant-Backpack-Compartment/dp/B09GG53CSL/ref=sr_1_81?crid=2M096C61O4MLT&keywords=bags&qid=1690028120&sr=8-81,3.9 out of 5 stars,1338,699,B09GG53CSL
"Safari Seek 32 Ltrs Overnighter Travel Laptop Backpack (Blue), Water Resistant Spacious Bag for Travelling and Camping, All-Purpose Bag for Business & Leisure",https://www.amazon.in/Safari-Overnighter-Resistant-Travelling-All-Purpose/dp/B097JM98M1/ref=sr_1_82?crid=2M096C61O4MLT&keywords=bags&qid=1690028120&sr=8-82,4.3 out of 5 stars,163,2299,B097JM98M1
ADISA 32L Large Laptop Backpack Office Bag College Travel Back Pack with rain Cover (Green),https://www.amazon.in/ADISA-Laptop-Backpack-Office-College/dp/B0BPVCBFM7/ref=sr_1_83?crid=2M096C61O4MLT&keywords=bags&qid=1690028120&sr=8-83,3.8 out of 5 stars,261,646,B0BPVCBFM7
Lenovo 15.6-inch Casual Laptop Briefcase T210,https://www.amazon.in/Lenovo-Carrying-15-6-Inch-Toploader-GX40Q17229/dp/B075Y6Y9H5/ref=sr_1_84?crid=2M096C61O4MLT&keywords=bags&qid=1690028120&sr=8-84,4.2 out of 5 stars,20377,979,B075Y6Y9H5
"FATMUG Polyester Foldable Duffle Travel Bag Luggage For Travel, Packing And Storage - Men And Women - (60 L, Black)",https://www.amazon.in/FATMUG-Foldable-Luggage-Packing-Storage/dp/B07YFNXC3H/ref=sr_1_83?crid=2M096C61O4MLT&keywords=bags&qid=1690028131&sr=8-83,4.2 out of 5 stars,1405,1099,B07YFNXC3H
"Storite Nylon 46 Cm Imported Multi Purpose Travel Duffle Bag for Women with Dry and Wet Separate Pocket, Lightweight Waterproof Backpack Carry Luggage Bag with Shoe Compartment (GreenPink, 46x23x25 cm)",https://www.amazon.in/Storite-Travel-Bag-Lightweight-GreenPink/dp/B0B3JBYZ8C/ref=sr_1_84?crid=2M096C61O4MLT&keywords=bags&qid=1690028131&sr=8-84,4.2 out of 5 stars,341,1399,B0B3JBYZ8C
DZert Clasy Laptop Bag College Bag for Boys Girls 21 L Blue White,https://www.amazon.in/DZert-School-Polyester-Backpack-White/dp/B07GXYHFCY/ref=sr_1_85?crid=2M096C61O4MLT&keywords=bags&qid=1690028131&sr=8-85,3.8 out of 5 stars,2493,339,B07GXYHFCY
Half Moon 30L Waterproof 15.6 inch Laptop Office School College Bag Backpack for Men Women Boys & Girls,https://www.amazon.in/Half-Moon-Waterproof-Laptop-Backpack/dp/B09QM9N1B3/ref=sr_1_86?crid=2M096C61O4MLT&keywords=bags&qid=1690028131&sr=8-86,3.7 out of 5 stars,376,589,B09QM9N1B3
"Amazon Basics Sling Bag/Crossbody Bag with Adjustable Strap for Daily and Travel Use, Durable, Water-Resistant, Travel-Friendly (Unisex, Blue)",https://www.amazon.in/Crossbody-Adjustable-Durable-Water-Resistant-Travel-Friendly/dp/B0C3RC1ZG2/ref=sr_1_87?crid=2M096C61O4MLT&keywords=bags&qid=1690028131&sr=8-87,4.7 out of 5 stars,984,349,B0C3RC1ZG2
Half Moon Strike 35L Unisex Spacious School/Laptop/College/Office Travel Backpack Bag for Men Women Boys & Girls with 15.6 inch Padded Laptop Compartment & Multiple Pockets,https://www.amazon.in/Half-Moon-Spacious-Backpack-Compartment/dp/B0C23BYDML/ref=sr_1_88?crid=2M096C61O4MLT&keywords=bags&qid=1690028131&sr=8-88,3.5 out of 5 stars,17,699,B0C23BYDML
Tommy Hilfiger Joshua Laptop Backpack,https://www.amazon.in/Hilfiger-Joshua-Backpack-TH-JOSHUALAP01/dp/B07N8GRWTZ/ref=sr_1_89?crid=2M096C61O4MLT&keywords=bags&qid=1690028131&sr=8-89,4.2 out of 5 stars,342,2079,B07N8GRWTZ
"Wesley Unisex Milestone Casual Waterproof Laptop Office School College Business Travel Backpack 25 L (Dimensions: 12.5x18 inches) (Compatible with 15.6 inch laptops), Navy Blue",https://www.amazon.in/Wesley-Milestone-Waterproof-Backpack-Business/dp/B07K8KLB3P/ref=sr_1_90?crid=2M096C61O4MLT&keywords=bags&qid=1690028131&sr=8-90,4.3 out of 5 stars,13080,448,B07K8KLB3P
F Gear Blackhawk 40 Ltrs Black Laptop Backpack (3178),https://www.amazon.in/F-Gear-Blackhawk-Black-Laptop-Backpack/dp/B07XMRGQCM/ref=sr_1_93?crid=2M096C61O4MLT&keywords=bags&qid=1690028131&sr=8-93,4.3 out of 5 stars,1035,1430,B07XMRGQCM
"Frantic Velvet Kids Soft Cartoon Animal Travelling School Bag Soft Plush Backpacks Baby Girls Boys for 2 to 5 Years Baby/Boys/Girls Nursery, Picnic,Preschool",https://www.amazon.in/Frantic-Velvet-School-Nursery-Travelling/dp/B091757GK4/ref=sr_1_94?crid=2M096C61O4MLT&keywords=bags&qid=1690028131&sr=8-94,3.9 out of 5 stars,5217,309,B091757GK4
NIVIA Deflate Round 01 Polyester Gym Bag/Unisex Gym Bags/Adjustable Shoulder Bag for Men/Duffle Gym Bags for Men/Carry Gym Accessories/Fitness Bag/Sports &Travel Bag/Gym kit Bag,https://www.amazon.in/Nivia-Deflate-5180BK-Polyester-Round/dp/B07222KX3S/ref=sr_1_95?crid=2M096C61O4MLT&keywords=bags&qid=1690028131&sr=8-95,4.2 out of 5 stars,7458,439,B07222KX3S
"Chic Buddy Waterproof Wet Bag, Washable, Reusable for Travel, Beach, Pool, Stroller, Diapers, Dirty Gym Clothes, Wet Swimsuits, Toiletries",https://www.amazon.in/Chic-Buddy-Waterproof-Swimsuits-Toiletries/dp/B09KSBHC18/ref=sr_1_96?crid=2M096C61O4MLT&keywords=bags&qid=1690028131&sr=8-96,4.4 out of 5 stars,379,299,B09KSBHC18
Aristocrat Unisex Black Oxford Fabric 28.82L Laptop Bags,https://www.amazon.in/Aristocrat-Unisex-Oxford-Fabric-28-82L/dp/B09ZV86P4S/ref=sr_1_97_mod_primary_new?crid=2M096C61O4MLT&keywords=bags&qid=1690028131&sbo=RZvfv%2F%2FHxDF%2BO5021pAnSA%3D%3D&sr=8-97,3.5 out of 5 stars,62,760,B09ZV86P4S
URBAN CARRIER School Bag For girls school bags for boys Class 5-10 Large 4 partition 45 L Laptop Collage Office Travel Unisex Backpack,https://www.amazon.in/School-school-partition-Collage-Backpack/dp/B09NNYCQ1Q/ref=sr_1_98?crid=2M096C61O4MLT&keywords=bags&qid=1690028131&sr=8-98,3.5 out of 5 stars,943,431,B09NNYCQ1Q
ADISA 32L Large Laptop Backpack Office Bag College Travel Back Pack with rain Cover (Navy),https://www.amazon.in/ADISA-Laptop-Backpack-Office-College/dp/B0BVRJYD9Q/ref=sr_1_99?crid=2M096C61O4MLT&keywords=bags&qid=1690028131&sr=8-99,3.7 out of 5 stars,42,699,B0BVRJYD9Q
Bagneeds Men's Black Synthetic Leather Briefcase Best Laptop Messenger Bag Satchel for Men,https://www.amazon.in/Bagneeds-Synthetic-Leather-Briefcase-Messenger/dp/B0855F8174/ref=sr_1_100?crid=2M096C61O4MLT&keywords=bags&qid=1690028131&sr=8-100,4.1 out of 5 stars,4487,759,B0855F8174
"Chic Buddy Waterproof Wet Bag, Washable, Reusable for Travel, Beach, Pool, Stroller, Diapers, Dirty Gym Clothes, Wet Swimsuits, Toiletries",https://www.amazon.in/Chic-Buddy-Waterproof-Swimsuits-Toiletries/dp/B09KSBHC18/ref=sr_1_99?crid=2M096C61O4MLT&keywords=bags&qid=1690028142&sr=8-99,4.4 out of 5 stars,379,299,B09KSBHC18
Half Moon Large 37L Laptop Bag Backpack for menं Women Boys and Girls Luggage Travel Bags with 17.3 inches Laptop Compartment & Rain Cover,https://www.amazon.in/Half-Moon-Resistant-Backpack-Compartment/dp/B0BHX7GY16/ref=sr_1_100?crid=2M096C61O4MLT&keywords=bags&qid=1690028142&sr=8-100,3.9 out of 5 stars,3213,849,B0BHX7GY16
DZert Kids School Bag Soft Plush Backpacks Cartoon Boys Girls Baby (2-5 Years),https://www.amazon.in/DZert-Fabric-Multicolour-Spiderman-Printed/dp/B07BNS3KNX/ref=sr_1_101?crid=2M096C61O4MLT&keywords=bags&qid=1690028142&sr=8-101,3.8 out of 5 stars,12602,249,B07BNS3KNX
"WILDHORN 31L Laptop Backpack for Men/Women I Fits upto 15.6"" Laptop I Waterproof I Travel/Business/College Bookbags",https://www.amazon.in/WILDHORN-Backpack-Compartment-Business-Stitching/dp/B09QL66G55/ref=sr_1_102?crid=2M096C61O4MLT&keywords=bags&qid=1690028142&sr=8-102,4.0 out of 5 stars,1444,599,B09QL66G55
POLICE Backpack for Men Casual Laptop Bag Office/Travel/College 30 Ltr Hedge Polyester - Black,https://www.amazon.in/Police-Polyester-laptop-casual-backpack/dp/B09CQ5T3LN/ref=sr_1_103?crid=2M096C61O4MLT&keywords=bags&qid=1690028142&sr=8-103,4.1 out of 5 stars,5725,1399,B09CQ5T3LN
"EUME Virgo 3 Compartment Office and College Bags, Polyester Casual Daypacks, Laptop Backpacks",https://www.amazon.in/EUME-Virgo-29Ltr-Laptop-Backpack/dp/B08R563J3T/ref=sr_1_104?crid=2M096C61O4MLT&keywords=bags&qid=1690028142&sr=8-104,4.2 out of 5 stars,297,1199,B08R563J3T
Dell Laptop bag,https://www.amazon.in/Yours-Choice-Briefcase-Messenger-Detachable/dp/B0B6PF1L69/ref=sr_1_105?crid=2M096C61O4MLT&keywords=bags&qid=1690028142&sr=8-105,4.2 out of 5 stars,180,2499,B0B6PF1L69
Red Lemon Swisslook Polyester Bange Series 45L 15.6-inch Laptop Bags Backpack for Men and Women Semi Waterproof USB with Anti Theft Pocket Travel Backpack,https://www.amazon.in/Swisslook-Polyester-15-6-inch-Backpack-Waterproof/dp/B07XYTZP4Z/ref=sr_1_106?crid=2M096C61O4MLT&keywords=bags&qid=1690028142&sr=8-106,4.3 out of 5 stars,1699,2839,B07XYTZP4Z
"Luv Lap LuvLap Baby Breast Milk Storage Bags (Pack of 25), BPA Free Disposable Milk Freezer Bags for Breast Feeding, Transparent",https://www.amazon.in/Storage-Disposable-Freezer-Feeding-Transparent/dp/B099ZZ57FT/ref=sr_1_109?crid=2M096C61O4MLT&keywords=bags&qid=1690028142&sr=8-109,4.4 out of 5 stars,708,337,B099ZZ57FT
NIVIA Beast Gym Bag-4 Polyester/Unisex Gym Bags/Shoulder Bag for Men & Women with Separate Shoes Compartment/Carry Gym Accessories/Fitness Bag/Sports & Travel Bag/Sports Kit,https://www.amazon.in/Nivia-5183-Polyester-Duffle-Medium/dp/B071KNXQ7Y/ref=sr_1_110?crid=2M096C61O4MLT&keywords=bags&qid=1690028142&sr=8-110,4.2 out of 5 stars,3433,759,B071KNXQ7Y
Skybags Kick Unisex Adjustable Strap Polyester Laptop Backpack,https://www.amazon.in/Skybags-Unisex-Adjustable-Polyester-Backpack/dp/B0BJ763F7Y/ref=sr_1_111?crid=2M096C61O4MLT&keywords=bags&qid=1690028142&sr=8-111,4.0 out of 5 stars,53,1576,B0BJ763F7Y
Gear Classic 20L Faux Leather Water Resistant Anti Theft Laptop Bag/Backpack for Men/Women-Black,https://www.amazon.in/Gear-Classic-Leather-Backpack-LBPCLSLTH0101/dp/B07G4D13LB/ref=sr_1_112?crid=2M096C61O4MLT&keywords=bags&qid=1690028142&sr=8-112,4.4 out of 5 stars,2707,979,B07G4D13LB
"Tabelito® DELTA Casual Waterproof Laptop Backpack/Office Bag/School Bag/College Bag/Business Bag/Unisex Travel Backpack (Compatible with 15.6 inch Laptop) 30 L, (6 Month Warranty)",https://www.amazon.in/Tabelito%C2%AE-Delta-Waterproof-Backpack-Compatible/dp/B0BLK1Z7DQ/ref=sr_1_113?crid=2M096C61O4MLT&keywords=bags&qid=1690028142&sr=8-113,4.6 out of 5 stars,190,599,B0BLK1Z7DQ
Lavie Women's Pavo Tote Bag | Ladies Purse Handbag,https://www.amazon.in/Lavie-Pavo-Womens-Tote-Navy/dp/B07YY1PJ3H/ref=sr_1_114?crid=2M096C61O4MLT&keywords=bags&qid=1690028142&sr=8-114,4.1 out of 5 stars,4888,902,B07YY1PJ3H
ZOUK Black Floral Printed Handmade Vegan Leather Women's Office Bag for 15.6 inch Laptop with double handles - FloMotif,https://www.amazon.in/FloMotif-Business-Shoulder-material-resistant/dp/B07NHYLTY7/ref=sr_1_115?crid=2M096C61O4MLT&keywords=bags&qid=1690028142&sr=8-115,4.3 out of 5 stars,954,1689,B07NHYLTY7
NIVIA Beast Gym Bag-4 Polyester/Unisex Gym Bags/Shoulder Bag for Men & Women with Separate Shoes Compartment/Carry Gym Accessories/Fitness Bag/Sports & Travel Bag/Sports Kit (Navy Blue),https://www.amazon.in/Nivia-5183NB-Gym-Navy-Blue/dp/B07NJGW3WX/ref=sr_1_116?crid=2M096C61O4MLT&keywords=bags&qid=1690028142&sr=8-116,3.9 out of 5 stars,110,523,B07NJGW3WX
AmazonBasics - Casual Backpack/Office Bag/ for a 15.6-inch Laptop,https://www.amazon.in/AmazonBasics-Casual-Backpack-Office-15-6-inch/dp/B09W4VMZ79/ref=sr_1_115?crid=2M096C61O4MLT&keywords=bags&qid=1690028153&sr=8-115,4.2 out of 5 stars,644,699,B09W4VMZ79
Skybags Kick Unisex Adjustable Strap Polyester Laptop Backpack,https://www.amazon.in/Skybags-Unisex-Adjustable-Polyester-Backpack/dp/B0BJ763F7Y/ref=sr_1_116?crid=2M096C61O4MLT&keywords=bags&qid=1690028153&sr=8-116,4.0 out of 5 stars,53,1576,B0BJ763F7Y
Gear Parker 23L Water Resistant Anti Theft Laptop Bag/Backpack for Men/Women - Black,https://www.amazon.in/Gear-Executive-Anti-Theft-Backpack-BKPPKREXE0101/dp/B097KCMQKG/ref=sr_1_117?crid=2M096C61O4MLT&keywords=bags&qid=1690028153&sr=8-117,4.3 out of 5 stars,424,644,B097KCMQKG
"Bennett Casual Laptop Bag school bags for boys girls 15.6-inch, 25 LTR Office & College bags for mens Water Repellent Backpack for Men & Women (Black)",https://www.amazon.in/Bennett-15-6-inch-College-Repellent-Backpack/dp/B09WZHX3B1/ref=sr_1_118?crid=2M096C61O4MLT&keywords=bags&qid=1690028153&sr=8-118,3.9 out of 5 stars,326,512,B09WZHX3B1
"HYDER 35L Latest And Trendy Stylish Waterproof College/Casual/School Bag/Backpack For Kids, Boys, Girls, Men And Women | Best Bags For Everyday Use",https://www.amazon.in/HYDER-Gamepad-Waterproof-Backpack-Everyday/dp/B0BR3KK8TR/ref=sr_1_119?crid=2M096C61O4MLT&keywords=bags&qid=1690028153&sr=8-119,4.2 out of 5 stars,130,735,B0BR3KK8TR
Lavie Women's Pavo Tote Bag | Ladies Purse Handbag,https://www.amazon.in/Lavie-Pavo-Womens-Tote-Navy/dp/B07YY1PJ3H/ref=sr_1_120?crid=2M096C61O4MLT&keywords=bags&qid=1690028153&sr=8-120,4.1 out of 5 stars,4888,902,B07YY1PJ3H
ZOUK Black Floral Printed Handmade Vegan Leather Women's Office Bag for 15.6 inch Laptop with double handles - FloMotif,https://www.amazon.in/FloMotif-Business-Shoulder-material-resistant/dp/B07NHYLTY7/ref=sr_1_121?crid=2M096C61O4MLT&keywords=bags&qid=1690028153&sr=8-121,4.3 out of 5 stars,954,1689,B07NHYLTY7
"F Gear Talent Laptop Backpack With Rain Cover 32 Liters (Grey,Black)",https://www.amazon.in/F-Gear-Talent-Laptop-Backpack-Grey/dp/B078KS2FX1/ref=sr_1_122?crid=2M096C61O4MLT&keywords=bags&qid=1690028153&sr=8-122,4.4 out of 5 stars,1142,1370,B078KS2FX1
Wildcraft 29.5 Ltrs Green Casual Backpack (11650-Green),https://www.amazon.in/Wildcraft-Green-Casual-Backpack-11650-Green/dp/B079DV66TY/ref=sr_1_125?crid=2M096C61O4MLT&keywords=bags&qid=1690028153&sr=8-125,4.1 out of 5 stars,392,1039,B079DV66TY
F Gear Miles Guc Black Sports Waist Bag (3681),https://www.amazon.in/F-Gear-Miles-Guc-Black-Waist-Bag/dp/B08NYGBDB8/ref=sr_1_126?crid=2M096C61O4MLT&keywords=bags&qid=1690028153&sr=8-126,4.4 out of 5 stars,430,449,B08NYGBDB8
Aristrocrat Unisex Laptop Bag Grey One Size,https://www.amazon.in/Aristocrat-Zeal-Unisex-Grey-Laptop/dp/B0B5YHC1W5/ref=sr_1_127?crid=2M096C61O4MLT&keywords=bags&qid=1690028153&sr=8-127,4.3 out of 5 stars,29,799,B0B5YHC1W5
House of Quirk Baby Diaper Bag Maternity Backpack (Blue Elephant Printed),https://www.amazon.in/House-Quirk-Maternity-Backpack-Elephant/dp/B07QV7SH4S/ref=sr_1_128?crid=2M096C61O4MLT&keywords=bags&qid=1690028153&sr=8-128,4.3 out of 5 stars,3902,1399,B07QV7SH4S
AUXTER Faux Leather 23 Cms Duffle Bag(AUX_GB_LE_Black -SE__0521_Black),https://www.amazon.in/AUXTER-BLACKY-Duffel-Emboss-Black/dp/B07F2H25NP/ref=sr_1_129?crid=2M096C61O4MLT&keywords=bags&qid=1690028153&sr=8-129,4.3 out of 5 stars,9244,429,B07F2H25NP
Skybags Unisex Grey Jacqard 34L Laptop Bags,https://www.amazon.in/Skybags-Unisex-Grey-Jacqard-Laptop/dp/B09ZV9SLBJ/ref=sr_1_130?crid=2M096C61O4MLT&keywords=bags&qid=1690028153&sr=8-130,4.0 out of 5 stars,62,1279,B09ZV9SLBJ
"AirCase Laptop Bag Backpack Case Pouch for Laptop Backpack for Men & Women,Premium Vegan Leather",https://www.amazon.in/AirCase-C34-Laptop-Backpack-Women/dp/B07QL8633G/ref=sr_1_131?crid=2M096C61O4MLT&keywords=bags&qid=1690028153&sr=8-131,4.0 out of 5 stars,1077,929,B07QL8633G
"WILD MODA Women's Shoulder Bag, Set of 1",https://www.amazon.in/WILD-MODA-Womens-Shoulder-Turquoise/dp/B099PLT91X/ref=sr_1_132?crid=2M096C61O4MLT&keywords=bags&qid=1690028153&sr=8-132,4.2 out of 5 stars,4033,849,B099PLT91X
Skybags Kick Unisex Adjustable Strap Polyester Laptop Backpack,https://www.amazon.in/Skybags-Unisex-Adjustable-Polyester-Backpack/dp/B0BJ763F7Y/ref=sr_1_131?crid=2M096C61O4MLT&keywords=bags&qid=1690028164&sr=8-131,4.0 out of 5 stars,53,1576,B0BJ763F7Y
"HYDER 35L Latest And Trendy Stylish Waterproof College/Casual/School Bag/Backpack For Kids, Boys, Girls, Men And Women | Best Bags For Everyday Use",https://www.amazon.in/HYDER-Gamepad-Waterproof-Backpack-Everyday/dp/B0BR3KK8TR/ref=sr_1_133?crid=2M096C61O4MLT&keywords=bags&qid=1690028164&sr=8-133,4.2 out of 5 stars,130,735,B0BR3KK8TR
ZOUK Black Floral Printed Handmade Vegan Leather Women's Office Bag for 15.6 inch Laptop with double handles - FloMotif,https://www.amazon.in/FloMotif-Business-Shoulder-material-resistant/dp/B07NHYLTY7/ref=sr_1_134?crid=2M096C61O4MLT&keywords=bags&qid=1690028164&sr=8-134,4.3 out of 5 stars,954,1689,B07NHYLTY7
F Gear Repel 30 ltrs Rain and Dust Cover for Laptop Bags and Backpacks,https://www.amazon.in/F-Gear-Repel-Laptop-Backpacks/dp/B01GTS0LS2/ref=sr_1_135?crid=2M096C61O4MLT&keywords=bags&qid=1690028164&sr=8-135,4.1 out of 5 stars,2290,249,B01GTS0LS2
"Fur Jaden 15.6 Inch Laptop Backpack 25 LTR Bag for School, College and Office with USB Charging Port",https://www.amazon.in/Fur-Jaden-Charging-Waterproof-BM36_BlueZip/dp/B07MXM5M99/ref=sr_1_136?crid=2M096C61O4MLT&keywords=bags&qid=1690028164&sr=8-136,3.9 out of 5 stars,10297,479,B07MXM5M99
Kuber Industries Rexine Jumbo Attachi Travel Blanket Cover|Travel Duffle|Storage Carrying Bag|Travel Multi-Purpose Bag|Size 58 x 48 x 34 CM (Grey) CTKTC034726,https://www.amazon.in/Kuber-Industries-Carrying-Multi-Purpose-CTKTC034726/dp/B083J6774T/ref=sr_1_137?crid=2M096C61O4MLT&keywords=bags&qid=1690028164&sr=8-137,3.7 out of 5 stars,918,396,B083J6774T
Gear Workspace 18L Water Resistant Laptop Bag/Backpack/Office Bag for Men/Women-Black,https://www.amazon.in/Gear-Workspace-Briefcase-Black-Red-BKPWRPHYD0101/dp/B097KGL2M5/ref=sr_1_138?crid=2M096C61O4MLT&keywords=bags&qid=1690028164&sr=8-138,4.2 out of 5 stars,335,907,B097KGL2M5
COSMUS Vogue Casual Laptop Backpack with USB Charger Port 46cm 26 Litre Maroon College Bag,https://www.amazon.in/Cosmus-Casual-Backpack-Charger-College/dp/B09HX54TGF/ref=sr_1_141?crid=2M096C61O4MLT&keywords=bags&qid=1690028164&sr=8-141,4.2 out of 5 stars,1413,1409,B09HX54TGF
F Gear Miles Guc Black Sports Waist Bag (3681),https://www.amazon.in/F-Gear-Miles-Guc-Black-Waist-Bag/dp/B08NYGBDB8/ref=sr_1_142?crid=2M096C61O4MLT&keywords=bags&qid=1690028164&sr=8-142,4.4 out of 5 stars,430,449,B08NYGBDB8
DZert Kids School Bag Soft Plush Backpacks Cartoon Boys Girls Baby (2-5 Years),https://www.amazon.in/DZert-Panda-School-Backpacks-Cartoon/dp/B07WSBV3BN/ref=sr_1_143?crid=2M096C61O4MLT&keywords=bags&qid=1690028164&sr=8-143,3.7 out of 5 stars,11928,249,B07WSBV3BN
Skybags Unisex Grey Jacqard 34L Laptop Bags,https://www.amazon.in/Skybags-Unisex-Grey-Jacqard-Laptop/dp/B09ZV9SLBJ/ref=sr_1_144?crid=2M096C61O4MLT&keywords=bags&qid=1690028164&sr=8-144,4.0 out of 5 stars,62,1279,B09ZV9SLBJ
DailyObjects Trapeze Sling Crossbody Bag for Girls and Women | Made with Durable Vegan Leather Material | Carefully Handcrafted | Zip Closure | Adjustable and Detachable Straps | Multicolor,https://www.amazon.in/DailyObjects-Lush-Midnight-Trapeze-Crossbody/dp/B082HZVTRG/ref=sr_1_145?crid=2M096C61O4MLT&keywords=bags&qid=1690028164&sr=8-145,4.0 out of 5 stars,1250,999,B082HZVTRG
ADISA Large Laptop Backpack Office Bag College Travel Back Pack with USB (Black),https://www.amazon.in/ADISA-Laptop-Backpack-Office-College/dp/B0BXQZ6Q85/ref=sr_1_146?crid=2M096C61O4MLT&keywords=bags&qid=1690028164&sr=8-146,3.9 out of 5 stars,77,599,B0BXQZ6Q85
"WILD MODA Women's Shoulder Bag, Set of 1",https://www.amazon.in/WILD-MODA-Womens-Shoulder-Turquoise/dp/B099PLT91X/ref=sr_1_147?crid=2M096C61O4MLT&keywords=bags&qid=1690028164&sr=8-147,4.2 out of 5 stars,4033,849,B099PLT91X
Gear Classic 20L Faux Leather Water Resistant Anti Theft Laptop Bag/Backpack for Men/Women-Black,https://www.amazon.in/Gear-Classic-Leather-Backpack-LBPCLSLTH0101/dp/B07G4D13LB/ref=sr_1_148?crid=2M096C61O4MLT&keywords=bags&qid=1690028164&sr=8-148,4.4 out of 5 stars,2707,979,B07G4D13LB
Gear Polyester 23 Cms Travel Bag(DUFCRSTNG4314_Khaki),https://www.amazon.in/Gear-Training-Travel-Duffel-DUFCRSTNG4314/dp/B098FG3GVX/ref=sr_1_147?crid=2M096C61O4MLT&keywords=bags&qid=1690028175&sr=8-147,4.1 out of 5 stars,537,489,B098FG3GVX
Gear Superior 16LWater Resistant School Bag//Backpack/College Bag for Men/Women - Black,https://www.amazon.in/Gear-Superior-Casual-Backpack-BKPSPRIOR0001/dp/B08GY2ZN96/ref=sr_1_148?crid=2M096C61O4MLT&keywords=bags&qid=1690028175&sr=8-148,3.9 out of 5 stars,307,351,B08GY2ZN96
"MosQuick® Clear large Drawstring Bags Clear Plastic Travel Bags, Travel Garments Organizing Storage Plastic Bags ,Shoe bags , Stationery Bag,multipurpose bag - Translucent",https://www.amazon.in/MosQuick%C2%AE-Drawstring-Organizing-Stationery-multipurpose/dp/B09SB42QFQ/ref=sr_1_149?crid=2M096C61O4MLT&keywords=bags&qid=1690028175&sr=8-149,4.0 out of 5 stars,69,310,B09SB42QFQ
"Red Lemon Swiss Cut Design 15.6 Inch Smart Laptop Backpack Bag With USB Charging Port, Anti Theft Pocket and Accessories Organiser for Men Women Boys Girls",https://www.amazon.in/Red-Lemon-Backpack-Accessories-Organiser/dp/B0C2KRH268/ref=sr_1_150?crid=2M096C61O4MLT&keywords=bags&qid=1690028175&sr=8-150,4.4 out of 5 stars,1050,1799,B0C2KRH268
F Gear Enzo Sports Waist Bag (Enzo Spruce Yellow),https://www.amazon.in/F-Gear-Enzo-Waist-Bag-Enzo-Spruce-Yellow/dp/B08QM71P12/ref=sr_1_151?crid=2M096C61O4MLT&keywords=bags&qid=1690028175&sr=8-151,4.2 out of 5 stars,201,265,B08QM71P12
"TRAVALATE Laptop Backpack with USB Charging Port for Travel, Office, Collage, Business Bag, Gift for Men and Women",https://www.amazon.in/TRAVALATE-Backpack-Charging-Collage-Business/dp/B0BLK8CF12/ref=sr_1_152?crid=2M096C61O4MLT&keywords=bags&qid=1690028175&sr=8-152,3.7 out of 5 stars,54,798,B0BLK8CF12
Gear Bounce 27 Ltrs Water Resistant School Bag/Backpack/College Bag for Men/Women-Grey Orange,https://www.amazon.in/Gear-Bounce-Backpack-Grey-Orange-BKPBOUNCE0604/dp/B097KCLF5F/ref=sr_1_153?crid=2M096C61O4MLT&keywords=bags&qid=1690028175&sr=8-153,3.6 out of 5 stars,469,614,B097KCLF5F
Nelle Harper Women's Handbag,https://www.amazon.in/Nelle-Harper-Womens-Sling-Green/dp/B07JGQM7DC/ref=sr_1_154?crid=2M096C61O4MLT&keywords=bags&qid=1690028175&sr=8-154,3.7 out of 5 stars,1904,809,B07JGQM7DC
Tommy Hilfiger Connor Laptop Backpack,https://www.amazon.in/Hilfiger-Connor-Backpack-TH-CONNORLAP07/dp/B07N99SXB1/ref=sr_1_157?crid=2M096C61O4MLT&keywords=bags&qid=1690028175&sr=8-157,4.1 out of 5 stars,127,1799,B07N99SXB1
Nivia Pulse Junior Bag (Orange),https://www.amazon.in/Nivia-5227-Junior-Others-Orange/dp/B08D7QKCX5/ref=sr_1_158?crid=2M096C61O4MLT&keywords=bags&qid=1690028175&sr=8-158,3.7 out of 5 stars,222,294,B08D7QKCX5
ADISA 15.6 inch Laptop Backpack Office Bag College Travel Back Pack 32 Ltrs (z-Black),https://www.amazon.in/ADISA-Laptop-Backpack-College-z-Black/dp/B09TPY1G1W/ref=sr_1_159?crid=2M096C61O4MLT&keywords=bags&qid=1690028175&sr=8-159,3.9 out of 5 stars,1014,549,B09TPY1G1W
American Tourister Ohio Polyester 65 Cms Wheel Travel Duffle Bag (Blue),https://www.amazon.in/American-Tourister-FJ9-01-002/dp/B07N19CXKM/ref=sr_1_160?crid=2M096C61O4MLT&keywords=bags&qid=1690028175&sr=8-160,4.2 out of 5 stars,1269,1999,B07N19CXKM
DZert Clasy Laptop Bag College Bag for Boys Girls 21 L Red Black,https://www.amazon.in/DZert-Polyester-Black-White-Backpack/dp/B07GXX2BP3/ref=sr_1_161?crid=2M096C61O4MLT&keywords=bags&qid=1690028175&sr=8-161,3.8 out of 5 stars,2493,339,B07GXX2BP3
ADISA SL5038 women girls sling bag,https://www.amazon.in/ADISA-SL5038-women-girls-sling/dp/B08Q4FHQLN/ref=sr_1_162?crid=2M096C61O4MLT&keywords=bags&qid=1690028175&sr=8-162,4.1 out of 5 stars,1191,564,B08Q4FHQLN
"Chic Buddy Waterproof Wet Bag, Washable, Reusable for Travel, Beach, Pool, Stroller, Diapers, Dirty Gym Clothes, Wet Swimsuits, Toiletries",https://www.amazon.in/Chic-Buddy-Waterproof-Swimsuits-Toiletries/dp/B0B25B5PB6/ref=sr_1_163?crid=2M096C61O4MLT&keywords=bags&qid=1690028175&sr=8-163,4.4 out of 5 stars,379,299,B0B25B5PB6
F Gear Burner P8 19 Ltrs White Casual Laptop Backpack,https://www.amazon.in/F-Gear-Burner-Casual-Laptop-Backpack/dp/B016115VXW/ref=sr_1_164?crid=2M096C61O4MLT&keywords=bags&qid=1690028175&sr=8-164,4.3 out of 5 stars,3993,648,B016115VXW
Nelle Harper Women's Handbag,https://www.amazon.in/Nelle-Harper-Womens-Sling-Green/dp/B07JGQM7DC/ref=sr_1_163?crid=2M096C61O4MLT&keywords=bags&qid=1690028186&sr=8-163,3.7 out of 5 stars,1904,809,B07JGQM7DC
"Bennett Casual Laptop Bag School Bags for Boys Girls 15.6-inch, 25 LTR Office & College bags for Mens Water Repellent Backpack for Men & Women (GREY)",https://www.amazon.in/Bennett-15-6-inch-College-Repellent-Backpack/dp/B09WZKHSDR/ref=sr_1_164?crid=2M096C61O4MLT&keywords=bags&qid=1690028186&sr=8-164,3.9 out of 5 stars,170,512,B09WZKHSDR
F Gear Tycoon 27 Liters Laptop Backpack Sch Bag(Black),https://www.amazon.in/F-Gear-Tycoon-Laptop-Backpack/dp/B071XJ6XV5/ref=sr_1_165?crid=2M096C61O4MLT&keywords=bags&qid=1690028186&sr=8-165,4.4 out of 5 stars,251,1149,B071XJ6XV5
Gear Bounce 27 Ltrs Water Resistant School Bag/Backpack/College Bag for Men/Women-Grey Orange,https://www.amazon.in/Gear-Bounce-Backpack-Grey-Orange-BKPBOUNCE0604/dp/B097KCLF5F/ref=sr_1_166?crid=2M096C61O4MLT&keywords=bags&qid=1690028186&sr=8-166,3.6 out of 5 stars,469,614,B097KCLF5F
Half Moon Large 37L Laptop Bag Backpack for menं Women Boys and Girls Luggage Travel Bags with 17.3 inches Laptop Compartment & Rain Cover,https://www.amazon.in/Half-Moon-Resistant-Backpack-Compartment/dp/B0BJ32LQ6X/ref=sr_1_167?crid=2M096C61O4MLT&keywords=bags&qid=1690028186&sr=8-167,3.9 out of 5 stars,3213,849,B0BJ32LQ6X
TUFFGEAR Polyester Gym Bag Workout 23 Litre Gym Duffle Bag Yellow,https://www.amazon.in/TUFFGEAR-Workout-Litre-Duffle-Yellow/dp/B08R7HYFM1/ref=sr_1_168?crid=2M096C61O4MLT&keywords=bags&qid=1690028186&sr=8-168,4.1 out of 5 stars,999,563,B08R7HYFM1
American Tourister Ohio Polyester 65 Cms Wheel Travel Duffle Bag (Blue),https://www.amazon.in/American-Tourister-FJ9-01-002/dp/B07N19CXKM/ref=sr_1_169?crid=2M096C61O4MLT&keywords=bags&qid=1690028186&sr=8-169,4.2 out of 5 stars,1269,1999,B07N19CXKM
MI Business Casual 21L Water Resistant Laptop Backpack,https://www.amazon.in/Mi-Business-Casual-Resistant-Backpack/dp/B07YY6PTMN/ref=sr_1_170?crid=2M096C61O4MLT&keywords=bags&qid=1690028186&sr=8-170,4.4 out of 5 stars,4510,949,B07YY6PTMN
Half Moon 35 L Casual Waterproof Laptop Bag/Backpack for Men Women Boys Girls/Office School College Teens & Students with Rain Cover (18 Inch) (Sky Blue),https://www.amazon.in/Half-Moon-Waterproof-Backpack-Students/dp/B0BR149RMT/ref=sr_1_173?crid=2M096C61O4MLT&keywords=bags&qid=1690028186&sr=8-173,3.6 out of 5 stars,87,699,B0BR149RMT
"F Gear Blow Laptop Backpack With Rain Cover 32 Liters (Red,Grey) Sch Bag",https://www.amazon.in/F-Gear-Blow-Laptop-Backpack-Red/dp/B0749MPCFT/ref=sr_1_174?crid=2M096C61O4MLT&keywords=bags&qid=1690028186&sr=8-174,4.3 out of 5 stars,289,1099,B0749MPCFT
F Gear Burner P8 19 Ltrs White Casual Laptop Backpack,https://www.amazon.in/F-Gear-Burner-Casual-Laptop-Backpack/dp/B016115VXW/ref=sr_1_175?crid=2M096C61O4MLT&keywords=bags&qid=1690028186&sr=8-175,4.3 out of 5 stars,3993,648,B016115VXW
Wildcraft Turnaround Polyester 35 Ltrs Blue Laptop Bag (8903338054702),https://www.amazon.in/Wildcraft-Turnaround-Polyester-Laptop-8903338054702/dp/B012D51GXO/ref=sr_1_176_mod_primary_new?crid=2M096C61O4MLT&keywords=bags&qid=1690028186&sbo=RZvfv%2F%2FHxDF%2BO5021pAnSA%3D%3D&sr=8-176,4.3 out of 5 stars,1204,1840,B012D51GXO
"GoTrippin Waist Bags for Men Women- Premium Stitching, Branded Zippers, Waterproof pocket, RFID safe- Large Fanny pack for Hiking Travel Camping Running Sports Outdoors, Money Belt with Adjustable Strap (Polyester,Black)",https://www.amazon.in/GoTrippin-Camping-Outdoors-Polyester-Adjustable/dp/B088LHS5LP/ref=sr_1_177?crid=2M096C61O4MLT&keywords=bags&qid=1690028186&sr=8-177,4.5 out of 5 stars,2147,999,B088LHS5LP
"Red Lemon Titan Ultrafit Plus Bange Series 15.6-inch Laptop Bags Backpacks for Men and Women55L Outdoor and Camping 3in1 Office Bags,Travelling,Backpack",https://www.amazon.in/Ultrafit-15-6-inch-Backpacks-Travelling-Backpack-Black/dp/B082Y7TZ8Z/ref=sr_1_178?crid=2M096C61O4MLT&keywords=bags&qid=1690028186&sr=8-178,4.4 out of 5 stars,461,3799,B082Y7TZ8Z
"Storite Small Size Army Print Padded Nylon Cross Body Sling bag Office Travel One Side Bag for Men Women (25x19x7cm, GreenGrey)",https://www.amazon.in/Storite-Army-Print-Sling-GreenGrey/dp/B09KNMWWPH/ref=sr_1_179?crid=2M096C61O4MLT&keywords=bags&qid=1690028186&sr=8-179,4.1 out of 5 stars,478,395,B09KNMWWPH
Lavie Women's Ushawu Satchel Bag | Ladies Purse Handbag,https://www.amazon.in/Lavie-Womens-Ushawu-Satchel-Handbag/dp/B0B3J9J9CK/ref=sr_1_180?crid=2M096C61O4MLT&keywords=bags&qid=1690028186&sr=8-180,4.1 out of 5 stars,6806,1249,B0B3J9J9CK
"Dyazo Water Resistant Camera Bag/Case Shoulder Strap Space for Photography Lens and Accessories Compatible for Nikon, Canon, Sony, Panasonic, Samsung & Other SLR/DSLR etc (Black & Silver)",https://www.amazon.in/Resistant-Photography-Accessories-Compatible-Panasonic/dp/B0BRJLWQ6R/ref=sr_1_179?crid=2M096C61O4MLT&keywords=bags&qid=1690028198&sr=8-179,4.4 out of 5 stars,413,799,B0BRJLWQ6R
Lavie Women's Ushawu Satchel Bag | Ladies Purse Handbag,https://www.amazon.in/Lavie-Womens-Ushawu-Satchel-Handbag/dp/B0B3J9J9CK/ref=sr_1_180?crid=2M096C61O4MLT&keywords=bags&qid=1690028198&sr=8-180,4.1 out of 5 stars,6806,1249,B0B3J9J9CK
F Gear Burner P8 19 Ltrs White Casual Laptop Backpack,https://www.amazon.in/F-Gear-Burner-Casual-Laptop-Backpack/dp/B016115VXW/ref=sr_1_181?crid=2M096C61O4MLT&keywords=bags&qid=1690028198&sr=8-181,4.3 out of 5 stars,3993,648,B016115VXW
"Tabelito® NEXA 3O L Water Resistant Laptop/College/Office/School/Travel/Business Bag, Unisex Backpack for Men Women Fits Up to 15.6 Inch Laptop Notebook. (GREY)",https://www.amazon.in/Tabelito-NEXA-Backpack-Business-Compartment/dp/B0C2D4T9R5/ref=sr_1_182?crid=2M096C61O4MLT&keywords=bags&qid=1690028198&sr=8-182,4.3 out of 5 stars,73,399,B0C2D4T9R5
"Tabelito® NEXA 3O L Water Resistant Laptop/College/Office/School/Travel/Business Bag, Unisex Backpack for Men Women Fits Up to 15.6 Inch Laptop Notebook. (GREY)",https://www.amazon.in/Tabelito-NEXA-Backpack-Business-Compartment/dp/B0C2D3YR7T/ref=sr_1_183?crid=2M096C61O4MLT&keywords=bags&qid=1690028198&sr=8-183,4.3 out of 5 stars,73,399,B0C2D3YR7T
"Red Lemon Titan Ultrafit Plus Bange Series 15.6-inch Laptop Bags Backpacks for Men and Women55L Outdoor and Camping 3in1 Office Bags,Travelling,Backpack",https://www.amazon.in/Ultrafit-15-6-inch-Backpacks-Travelling-Backpack-Black/dp/B082Y7TZ8Z/ref=sr_1_184?crid=2M096C61O4MLT&keywords=bags&qid=1690028198&sr=8-184,4.4 out of 5 stars,461,3799,B082Y7TZ8Z
HEROZ Hammer Unisex Nylon 45 L Travel Laptop Backpack Water Resistant Slim Durable Fits Up to 17.3 Inch Laptop Notebook (All) (Grey & Black),https://www.amazon.in/HEROZ-Hammer-Durable-Travel-Laptop/dp/B07MGDFT9C/ref=sr_1_185?crid=2M096C61O4MLT&keywords=bags&qid=1690028198&sr=8-185,4.2 out of 5 stars,8030,1499,B07MGDFT9C
Travalate Travel Duffle Luggage Bag Organizer | Multi Pocket Ultra-Light| Polyester 45 Lt| Men and Women | 21 X 09 X 11 Inch | Grey,https://www.amazon.in/Travalate-Luggage-Organizer-Ultra-Light-Polyester/dp/B0BZDLS9VW/ref=sr_1_186?crid=2M096C61O4MLT&keywords=bags&qid=1690028198&sr=8-186,4.1 out of 5 stars,30,948,B0BZDLS9VW
American Tourister SPIN LAPTOP BACKPACK 28L POLYESTER BLACK,https://www.amazon.in/American-Tourister-LAPTOP-BACKPACK-POLYESTER/dp/B0BLCXMTZ7/ref=sr_1_189?crid=2M096C61O4MLT&keywords=bags&qid=1690028198&sr=8-189,3.4 out of 5 stars,29,899,B0BLCXMTZ7
"TRUE HUMAN® EMPEROR 15.6 inch laptop bag with USB charging port Laptop bag,office bag, college bags anti theft (CAPTAIN)",https://www.amazon.in/TRUE-EMPEROR-charging-college-CAPTAIN/dp/B0C6HZDWRQ/ref=sr_1_190?crid=2M096C61O4MLT&keywords=bags&qid=1690028198&sr=8-190,3.8 out of 5 stars,5,649,B0C6HZDWRQ
F Gear Circadian Guc Black 27 Ltrs Casual Backpack (3330),https://www.amazon.in/F-Gear-Circadian-Guc-Black-Casual-Backpack/dp/B084THQXCD/ref=sr_1_191?crid=2M096C61O4MLT&keywords=bags&qid=1690028198&sr=8-191,4.2 out of 5 stars,723,799,B084THQXCD
Murano Louis 10ltr Casual daybackpack/Office & Travel Bag/School Bag/College Bag/Men/Women/Girl/Boy (Orange),https://www.amazon.in/Murano-Casual-daybackpack-Office-College/dp/B0BX9FLPNX/ref=sr_1_192?crid=2M096C61O4MLT&keywords=bags&qid=1690028198&sr=8-192,3.2 out of 5 stars,34,181,B0BX9FLPNX
Caprese Yondella Women's Sling Bag (Saddle),https://www.amazon.in/Caprese-Yondella-Womens-Sling-Saddle/dp/B07B9FBW3C/ref=sr_1_193?crid=2M096C61O4MLT&keywords=bags&qid=1690028198&sr=8-193,4.3 out of 5 stars,354,939,B07B9FBW3C
"Swiss Military Hard Shell Travel Backpack UFO, Alien Series Dimond Cut ABS Hardshell upto 15.6 Inch Laptop",https://www.amazon.in/Swiss-Military-Travel-Backpack-Hardshell/dp/B0C3MHG797/ref=sr_1_194?crid=2M096C61O4MLT&keywords=bags&qid=1690028198&sr=8-194,3.5 out of 5 stars,6,3899,B0C3MHG797
Half Moon 30L Water Resistant 15.6 inch Laptop Bag/Backpack for Men | School Bag for Boys Girls | Office Bag pack for Men/Office Back Packed for Women with Padded Laptop Compartment,https://www.amazon.in/Half-Moon-Laptop-Backpack-Polyester/dp/B09CMS3K2S/ref=sr_1_195?crid=2M096C61O4MLT&keywords=bags&qid=1690028198&sr=8-195,3.6 out of 5 stars,75,599,B09CMS3K2S
"Amazon Basics Laptop Messenger Bag with Adjustable Shoulder Strap, Padded Compartment & Storage Pockets, Lightweight, Water-Resistant, Travel-Friendly, Fits Up To 15.6"" Laptops (Unisex, Black & Grey)",https://www.amazon.in/Adjustable-Compartment-Lightweight-Water-Resistant-Travel-Friendly/dp/B0C3RDFPVN/ref=sr_1_196?crid=2M096C61O4MLT&keywords=bags&qid=1690028198&sr=8-196,4.7 out of 5 stars,984,799,B0C3RDFPVN
Murano Louis 10ltr Casual daybackpack/Office & Travel Bag/School Bag/College Bag/Men/Women/Girl/Boy (Orange),https://www.amazon.in/Murano-Casual-daybackpack-Office-College/dp/B0BX9FLPNX/ref=sr_1_195?crid=2M096C61O4MLT&keywords=bags&qid=1690028209&sr=8-195,3.2 out of 5 stars,34,181,B0BX9FLPNX
Martucci Jersey 45L Casual Waterproof Laptop Backpack/Office Bag/School Bag/College Bag/Business Bag/Unisex Travel Backpack,https://www.amazon.in/Martucci-Waterproof-Backpack-College-Business/dp/B0BRJRVH6D/ref=sr_1_197?crid=2M096C61O4MLT&keywords=bags&qid=1690028209&sr=8-197,3.7 out of 5 stars,152,809,B0BRJRVH6D
(India) Dell EcoLoop Urban Backpack - Blue - CP4523B,https://www.amazon.in/India-Dell-EcoLoop-Urban-Backpack/dp/B09V1L5TXN/ref=sr_1_198?crid=2M096C61O4MLT&keywords=bags&qid=1690028209&sr=8-198,4.0 out of 5 stars,38,1999,B09V1L5TXN
DZert Kids School Bag Soft Plush Backpacks Cartoon Boys Girls Baby (2-5 Years),https://www.amazon.in/DZert-Panda-School-Backpacks-Cartoon/dp/B07WSBV3BN/ref=sr_1_199?crid=2M096C61O4MLT&keywords=bags&qid=1690028209&sr=8-199,3.7 out of 5 stars,11928,249,B07WSBV3BN
ADISA 15.6 inch Laptop Backpack Office Bag College Travel Back Pack 32 Ltrs (z-Black),https://www.amazon.in/ADISA-Laptop-Backpack-College-z-Black/dp/B09TPY1G1W/ref=sr_1_200?crid=2M096C61O4MLT&keywords=bags&qid=1690028209&sr=8-200,3.9 out of 5 stars,1014,549,B09TPY1G1W
"Bennett Casual Laptop Bag School Bags for Boys Girls 15.6-inch, 25 LTR Office & College bags for Mens Water Repellent Backpack for Men & Women (GREY)",https://www.amazon.in/Bennett-15-6-inch-College-Repellent-Backpack/dp/B09WZKHSDR/ref=sr_1_201?crid=2M096C61O4MLT&keywords=bags&qid=1690028209&sr=8-201,3.9 out of 5 stars,170,512,B09WZKHSDR
Wildcraft Hopper 1.0 Laptop Backpack 24L (Blue),https://www.amazon.in/Wildcraft-Hopper-Laptop-Backpack-Blue/dp/B07YNL6H8H/ref=sr_1_202?crid=2M096C61O4MLT&keywords=bags&qid=1690028209&sr=8-202,4.5 out of 5 stars,8,1390,B07YNL6H8H
HEROZ Hacker 50 litres Nylon Travel Laptop Backpack Water Resistant Slim Durable Computer Book Bag Tracking Fits Up to 17.3-inch Laptop (058- ALL) (Navy Blue),https://www.amazon.in/HEROZ-Backpack-Resistant-Computer-17-3-inch/dp/B083N3DCTM/ref=sr_1_205?crid=2M096C61O4MLT&keywords=bags&qid=1690028209&sr=8-205,4.2 out of 5 stars,3874,1599,B083N3DCTM
Gear polyester 44 cms Duffle Bag(DUFPRO2000106_Black),https://www.amazon.in/Gear-ltr-Black-Orange-DUFPRO2000106/dp/B00Z93WSVW/ref=sr_1_206?crid=2M096C61O4MLT&keywords=bags&qid=1690028209&sr=8-206,4.3 out of 5 stars,834,431,B00Z93WSVW
DZert Clasy Laptop Bag College Bag for Boys Girls 21 L Red Black,https://www.amazon.in/DZert-Polyester-Black-White-Backpack/dp/B07GXX2BP3/ref=sr_1_207?crid=2M096C61O4MLT&keywords=bags&qid=1690028209&sr=8-207,3.8 out of 5 stars,2493,339,B07GXX2BP3
"Ant Esports Knight Cobra 23, Large 38L Stylish unisex backpack with USB Charging Port, Earphone/Headphone Port, with rain protection cover and reflective strip, fits upto 17"" Laptop-Dynamic Blue",https://www.amazon.in/Ant-Esports-Knight-protection-Laptop-Dynamic/dp/B0BZ4WCJHR/ref=sr_1_208?crid=2M096C61O4MLT&keywords=bags&qid=1690028209&sr=8-208,4.0 out of 5 stars,5,699,B0BZ4WCJHR
"Sfane Polyester 9.05 Black Men & Women Trendy Black Sports Duffle Gym Bag, Shoulder Bag",https://www.amazon.in/Sfane-Women-Trendy-Black-Duffel/dp/B07GCR84D9/ref=sr_1_209?crid=2M096C61O4MLT&keywords=bags&qid=1690028209&sr=8-209,4.2 out of 5 stars,1231,359,B07GCR84D9
Half Moon Aztec 37L School Bag Class 5-12 | College Bagpack for Men/College Back pack for Women | 15.6 inch Laptop Bag for Men/Backpack for Men | Spacious & Multiple Pockets,https://www.amazon.in/Half-Moon-Backpack-Spacious-Multiple/dp/B0C23Y7N1Q/ref=sr_1_210?crid=2M096C61O4MLT&keywords=bags&qid=1690028209&sr=8-210,3.7 out of 5 stars,147,649,B0C23Y7N1Q
"Tabelito® NEXA 3O L Water Resistant Laptop/College/Office/School/Travel/Business Bag, Unisex Backpack for Men Women Fits Up to 15.6 Inch Laptop Notebook. (GREY)",https://www.amazon.in/Tabelito-NEXA-Backpack-Business-Compartment/dp/B0C2D4KWQ6/ref=sr_1_211?crid=2M096C61O4MLT&keywords=bags&qid=1690028209&sr=8-211,4.3 out of 5 stars,73,399,B0C2D4KWQ6
Wooum Sling Cross Body Bag/One Side Bag/Shoulder Bag/Office Business Messenger Bag/Money Bag for Men and Women - Water Resisitance,https://www.amazon.in/Wooum-Resisitance-Shoulder-Business-Messenger/dp/B0993Q72WD/ref=sr_1_212?crid=2M096C61O4MLT&keywords=bags&qid=1690028209&sr=8-212,4.0 out of 5 stars,707,328,B0993Q72WD
Gear Eco4 18L Water Resistant School Bag//Backpack/College Bag for Men/Women - Navy Blue,https://www.amazon.in/Gear-Green-Casual-Backpack-BKPECOBP40503/dp/B019HA8DQQ/ref=sr_1_211?crid=2M096C61O4MLT&keywords=bags&qid=1690028220&sr=8-211,4.0 out of 5 stars,4255,494,B019HA8DQQ
"Genie Clara Backpack for Women - 3 compartments, Laptop Bags for Girls, Stylish and Trendy College Backpacks for Girls, Water Resistant and Lightweight Bags for Office and Travelling Purpose.",https://www.amazon.in/Genie-Clara-Backpack-Women-compartments/dp/B097JJGR1N/ref=sr_1_212?crid=2M096C61O4MLT&keywords=bags&qid=1690028220&sr=8-212,4.4 out of 5 stars,193,1279,B097JJGR1N
"Tabelito® NEO 3O L Water Resistant Laptop/College/Office/School/Travel/Business Bag, Unisex Backpack for Men Women Fits Up to 15.6 Inch Laptop Notebook.",https://www.amazon.in/Tabelito-NEO-Backpack-Business-Compartment/dp/B0C2D2Q52R/ref=sr_1_213?crid=2M096C61O4MLT&keywords=bags&qid=1690028220&sr=8-213,3.9 out of 5 stars,101,399,B0C2D2Q52R
THE CLOWNFISH Cosmic Critters Series Printed Polyester 15 Litres Kids Backpack Unisex School Bag with Free Pencil Staionery Pouch Daypack Casual Backpack Picnic Bag for tiny tots boys & girls,https://www.amazon.in/CLOWNFISH-Critters-Polyester-Staionery-Black-Galaxy/dp/B0BVJ526VS/ref=sr_1_214?crid=2M096C61O4MLT&keywords=bags&qid=1690028220&sr=8-214,4.3 out of 5 stars,189,799,B0BVJ526VS
Asus BP1504 39.62 cm (15.6-inch) Laptop Backpack (Dark Grey),https://www.amazon.in/Asus-BP1504-15-6-inch-Laptop-Backpack/dp/B0895ZZHKK/ref=sr_1_215?crid=2M096C61O4MLT&keywords=bags&qid=1690028220&sr=8-215,4.2 out of 5 stars,1690,819,B0895ZZHKK
"SFANE Polyester Red Duffel Gym Bag, Shoulder Bag, Sports Bag for Men & Women with Separate Shoe Compartment (Black) (Red) Set Of 1",https://www.amazon.in/SFANE-Polyester-Shoulder-Separate-Compartment/dp/B08KG7J7L5/ref=sr_1_216?crid=2M096C61O4MLT&keywords=bags&qid=1690028220&sr=8-216,4.3 out of 5 stars,331,427,B08KG7J7L5
"Glowic Hopping Grocery, Travel, Beach | Shoulder Handbags Women, College Bags for Girls Stylish Trendy(WBAG-34) (Multi Colour)",https://www.amazon.in/Glowic-Hopping-Shoulder-Handbags-WBAG-34/dp/B09HHNZ47K/ref=sr_1_217?crid=2M096C61O4MLT&keywords=bags&qid=1690028220&sr=8-217,3.7 out of 5 stars,432,459,B09HHNZ47K
DZert Clasy Laptop Bag College Bag for Boys Girls 21 L Nevy Blue,https://www.amazon.in/DZert-Girls-Polyester-White-Backpack/dp/B07H1BPCGQ/ref=sr_1_218?crid=2M096C61O4MLT&keywords=bags&qid=1690028220&sr=8-218,3.8 out of 5 stars,2493,339,B07H1BPCGQ
ZOUK Mughal Art Printed Handmade Vegan Leather Women's Office Bag for 15.6 inch Laptop with Double Handles,https://www.amazon.in/ZOUK-Womens-Office-Bag-Multicolour/dp/B09DF2NPCS/ref=sr_1_221?crid=2M096C61O4MLT&keywords=bags&qid=1690028220&sr=8-221,4.2 out of 5 stars,105,1689,B09DF2NPCS
"Wooum Crossbody Sling Bag - Durable Shoulder Bag with Adjustable Strap One Side Bag for Commuting Travel Outdoor Activities Cycling - Sling Bag Travel Hiking Chest Bag Daypack – Colour Black-Grey – (Pack of 1 Bag) - Unisex Cross Body Backpack for Travel, College, Tuition",https://www.amazon.in/Wooum-Crossbody-Sling-Bag-Adjustable/dp/B0C1K59WV5/ref=sr_1_222?crid=2M096C61O4MLT&keywords=bags&qid=1690028220&sr=8-222,3.7 out of 5 stars,10,379,B0C1K59WV5
"AmazonBasics Water Repellent and Wear Resistant Laptop Backpack - 24L, Blue",https://www.amazon.in/Amazon-Basics-Laptop-Backpack-Repellent/dp/B09W43XLBY/ref=sr_1_223?crid=2M096C61O4MLT&keywords=bags&qid=1690028220&sr=8-223,4.2 out of 5 stars,644,709,B09W43XLBY
Zipline Unisex Casual Polyester 36 L Blue Backpack School Bag Women Men Boys Girls College Bag,https://www.amazon.in/ZIPLINE-Polyester-Backpack-College-Outdoor/dp/B09XN3YD4Q/ref=sr_1_224?crid=2M096C61O4MLT&keywords=bags&qid=1690028220&sr=8-224,3.6 out of 5 stars,111,843,B09XN3YD4Q
CAPRIFF 32 L Casual Waterproof Laptop Bag/Backpack for Men Boys & Girls For Office School College Teens & Students with Rain Cover With adjustable Strap With 2 Compartment,https://www.amazon.in/Waterproof-Backpack-Students-adjustable-Compartment/dp/B09V5HRYR7/ref=sr_1_226?crid=2M096C61O4MLT&keywords=bags&qid=1690028220&sr=8-226,3.8 out of 5 stars,3100,699,B09V5HRYR7
NORTH ZONE Northzone Sling Cross Body Travel Office Business Messenger One Side Shoulder Pouch Bag Money Bag for Men and Women,https://www.amazon.in/NORTH-ZONE-Northzone-Business-Messenger/dp/B0C555LQF4/ref=sr_1_227?crid=2M096C61O4MLT&keywords=bags&qid=1690028220&sr=8-227,3.9 out of 5 stars,36,249,B0C555LQF4
Gear LOGI-Q 27L Water Resistant Laptop Bag/Backpack/Office Bag for Men/Women (Black-White),https://www.amazon.in/Gear-LOGI-Q-Resistant-Backpack-Black-White/dp/B0BTJ2VV17/ref=sr_1_228?crid=2M096C61O4MLT&keywords=bags&qid=1690028220&sr=8-228,5.0 out of 5 stars,2,945,B0BTJ2VV17
"AirCase Office Messenger Sling Bag fits upto 15.6"" Laptop/Macbook, Detachable Shoulder Strap, Waterproof, Shockproof, Carry Handle with Spacious Pockets, For Men & Women, Blue- with Warranty",https://www.amazon.in/AirCase-C25-Messenger-Shoulder-Compartments/dp/B07X6DV3VM/ref=sr_1_227?crid=2M096C61O4MLT&keywords=bags&qid=1690028233&sr=8-227,3.9 out of 5 stars,1336,949,B07X6DV3VM
"F Gear Firefly V2 Laptop Rucksack 40 Liters (Navy blue, Yellow) Sch Bag",https://www.amazon.in/Gear-Firefly-Laptop-Rucksack-Liters/dp/B074DWN7NS/ref=sr_1_228?crid=2M096C61O4MLT&keywords=bags&qid=1690028233&sr=8-228,4.3 out of 5 stars,126,1749,B074DWN7NS
COSMUS Atomic Dx 3 Compartment Large Laptop Bag Polyester Laptop Backpack,https://www.amazon.in/Cosmus-Atomic-Compartment-Large-Laptop/dp/B077NZJ5XZ/ref=sr_1_229?crid=2M096C61O4MLT&keywords=bags&qid=1690028233&sr=8-229,4.4 out of 5 stars,4100,1939,B077NZJ5XZ
"Fast Travel 45 Ltrs, 46 cms School Bag Class 5-12 Large 4 partition Laptop Collage Office Travel Backpack Unisex",https://www.amazon.in/Fast-Travel-partition-Collage-Backpack/dp/B09VCQWRC4/ref=sr_1_230?crid=2M096C61O4MLT&keywords=bags&qid=1690028233&sr=8-230,4.1 out of 5 stars,943,692,B09VCQWRC4
"MOKOBARA The Work Backpack 15.6"" Inch Laptop | Travel Backpack For Men And Women",https://www.amazon.in/MOKOBARA-Work-Backpack-Resistant-Homegrown/dp/B0C7QGMGHB/ref=sr_1_231?crid=2M096C61O4MLT&keywords=bags&qid=1690028233&sr=8-231,5.0 out of 5 stars,1,7499,B0C7QGMGHB
"Storite PU Leather 14 Inch Laptop Shoulder Messenger Sling Office Business Travel Bag for Men & Women (Brown, 40cm x 29cm x 6cm)",https://www.amazon.in/Storite-Laptop-Briefcase-Messenger-Bag/dp/B08VWF41VX/ref=sr_1_232?crid=2M096C61O4MLT&keywords=bags&qid=1690028233&sr=8-232,3.7 out of 5 stars,429,999,B08VWF41VX
Wesley Matrix 15.6 inch 35L Casual Waterproof Laptop Backpack/Office Bag/College Bag/Business Bag/Unisex Travel Backpack (Navy Blue),https://www.amazon.in/Wesley-Waterproof-Backpack-College-Business/dp/B08B6F3X7V/ref=sr_1_233?crid=2M096C61O4MLT&keywords=bags&qid=1690028233&sr=8-233,4.2 out of 5 stars,767,499,B08B6F3X7V
Gear Turbo 45L Expandable Water Resistant Antitheft Laptop Bag/Backpack/Briefcase For Men/Women With Raincover (Grey),https://www.amazon.in/Gear-Expandable-RainCover-Grey-Black-TLPTURBO00401/dp/B097KDRZ67/ref=sr_1_234?crid=2M096C61O4MLT&keywords=bags&qid=1690028233&sr=8-234,4.4 out of 5 stars,1054,949,B07X6DV3VM
"AirCase Office Messenger Sling Bag fits upto 15.6"" Laptop/Macbook, Detachable Shoulder Strap, Waterproof, Shockproof, Carry Handle with Spacious Pockets, For Men & Women, Blue- with Warranty",https://www.amazon.in/AirCase-C25-Messenger-Shoulder-Compartments/dp/B07X6DV3VM/ref=sr_1_227?crid=2M096C61O4MLT&keywords=bags&qid=1690028410&sr=8-227,3.9 out of 5 stars,1336,1749,B074DWN7NS
"F Gear Firefly V2 Laptop Rucksack 40 Liters (Navy blue, Yellow) Sch Bag",https://www.amazon.in/Gear-Firefly-Laptop-Rucksack-Liters/dp/B074DWN7NS/ref=sr_1_228?crid=2M096C61O4MLT&keywords=bags&qid=1690028410&sr=8-228,4.3 out of 5 stars,126,1939,B077NZJ5XZ
COSMUS Atomic Dx 3 Compartment Large Laptop Bag Polyester Laptop Backpack,https://www.amazon.in/Cosmus-Atomic-Compartment-Large-Laptop/dp/B077NZJ5XZ/ref=sr_1_229?crid=2M096C61O4MLT&keywords=bags&qid=1690028410&sr=8-229,4.4 out of 5 stars,4100,692,B09VCQWRC4
"Fast Travel 45 Ltrs, 46 cms School Bag Class 5-12 Large 4 partition Laptop Collage Office Travel Backpack Unisex",https://www.amazon.in/Fast-Travel-partition-Collage-Backpack/dp/B09VCQWRC4/ref=sr_1_230?crid=2M096C61O4MLT&keywords=bags&qid=1690028410&sr=8-230,4.1 out of 5 stars,943,7499,B0C7QGMGHB
"MOKOBARA The Work Backpack 15.6"" Inch Laptop | Travel Backpack For Men And Women",https://www.amazon.in/MOKOBARA-Work-Backpack-Resistant-Homegrown/dp/B0C7QGMGHB/ref=sr_1_231?crid=2M096C61O4MLT&keywords=bags&qid=1690028410&sr=8-231,5.0 out of 5 stars,1,999,B08VWF41VX
"Storite PU Leather 14 Inch Laptop Shoulder Messenger Sling Office Business Travel Bag for Men & Women (Brown, 40cm x 29cm x 6cm)",https://www.amazon.in/Storite-Laptop-Briefcase-Messenger-Bag/dp/B08VWF41VX/ref=sr_1_232?crid=2M096C61O4MLT&keywords=bags&qid=1690028410&sr=8-232,3.7 out of 5 stars,429,499,B08B6F3X7V
Wesley Matrix 15.6 inch 35L Casual Waterproof Laptop Backpack/Office Bag/College Bag/Business Bag/Unisex Travel Backpack (Navy Blue),https://www.amazon.in/Wesley-Waterproof-Backpack-College-Business/dp/B08B6F3X7V/ref=sr_1_233?crid=2M096C61O4MLT&keywords=bags&qid=1690028410&sr=8-233,4.2 out of 5 stars,767,499,B09TDNZ88Z
Gear Turbo 45L Expandable Water Resistant Antitheft Laptop Bag/Backpack/Briefcase For Men/Women With Raincover (Grey),https://www.amazon.in/Gear-Expandable-RainCover-Grey-Black-TLPTURBO00401/dp/B097KDRZ67/ref=sr_1_234?crid=2M096C61O4MLT&keywords=bags&qid=1690028410&sr=8-234,4.4 out of 5 stars,1054,849,B0BWF2DRM2
"SACCI MUCCI Women's Rainbow Sling Bag, Handmade Bags for Females - 100% Vegan Leather and Coated Duck canvas Fabric, Lightweight and Durable",https://www.amazon.in/SACCI-MUCCI-Allamanda-Lightweight-SM1-10_magnolia/dp/B09TDNZ88Z/ref=sr_1_243?crid=2M096C61O4MLT&keywords=bags&qid=1690028429&sr=8-243,4.2 out of 5 stars,896,1400,B0BJ74KLLY
"Puma Unisex-Adult Big Cat Backpack, Star Sapphire (9018403)",https://www.amazon.in/Puma-Unisex-Adult-Backpack-Sapphire-9018403/dp/B0BWF2DRM2/ref=sr_1_244?crid=2M096C61O4MLT&keywords=bags&qid=1690028429&sr=8-244,5.0 out of 5 stars,1,998,B09BMG8R6Y
Skybags Kick Unisex Adjustable Strap Polyester Laptop Backpack,https://www.amazon.in/Skybags-Unisex-Adjustable-Polyester-Backpack/dp/B0BJ74KLLY/ref=sr_1_245?crid=2M096C61O4MLT&keywords=bags&qid=1690028429&sr=8-245,4.0 out of 5 stars,53,619,B09243WY6M
"Veneer Medium 20 L Laptop Backpack Men Womens Girls Fashion PU Leather Mini Casual Backpack Bags for School, College, Tuition, Office Bag",https://www.amazon.in/Veneer-Backpack-Fashion-Leather-College/dp/B09BMG8R6Y/ref=sr_1_246?crid=2M096C61O4MLT&keywords=bags&qid=1690028429&sr=8-246,4.2 out of 5 stars,928,1349,B071NRPTR9
"POLESTAR Enzo 15.6 inch 35 LTR Casual Laptop Backpack/Office Bag/School Bag/College Bag/Business Bag/Unisex Backpack, Water Resistant and Light Weight, 1 year Warranty",https://www.amazon.in/Polestar-Liters-Polyester-Casual-Backpack/dp/B09243WY6M/ref=sr_1_247?crid=2M096C61O4MLT&keywords=bags&qid=1690028429&sr=8-247,4.1 out of 5 stars,3892,849,B08F9QYRZB
F Gear Booster V2 43 Liters Laptop Backpack Sch Bag(Black),https://www.amazon.in/F-Gear-Booster-Laptop-Backpack-Black/dp/B071NRPTR9/ref=sr_1_248?crid=2M096C61O4MLT&keywords=bags&qid=1690028429&sr=8-248,4.0 out of 5 stars,321,999,B0BLBZSF26
Beauty Girls-1518 Polyester Floral printed Designer Stylish Waterproof School/Collage/Picknic Bag-Backpack For Girls & Women (32 Lit),https://www.amazon.in/Girls-1518-Polyester-Designer-Waterproof-Bag-Backpack/dp/B08F9QYRZB/ref=sr_1_249?crid=2M096C61O4MLT&keywords=bags&qid=1690028429&sr=8-249,4.4 out of 5 stars,1181,599,B0BXQD8DZX
POLICE BRETHA LAPTOP BACKPACK,https://www.amazon.in/POLICE-BRETHA-LAPTOP-BACKPACK-MAROON/dp/B0BLBZSF26/ref=sr_1_250?crid=2M096C61O4MLT&keywords=bags&qid=1690028429&sr=8-250,3.0 out of 5 stars,2,999,B0BCQCWMPW
ADISA Large Laptop Backpack Office Bag College Travel Back Pack with USB (Grey),https://www.amazon.in/ADISA-Laptop-Backpack-Office-College/dp/B0BXQD8DZX/ref=sr_1_253?crid=2M096C61O4MLT&keywords=bags&qid=1690028429&sr=8-253,3.9 out of 5 stars,78,1396,B07XSTR69N
Trajectory 15.6 Inch Vegan Leather Messenger Laptop bag for men in Office for all laptop like Apple MacBook with 2 Years Warranty and Spacious Multiple Compartment with as Shoulder and Handbag for Men,https://www.amazon.in/Trajectory-Messenger-Warranty-Compartment-Expandable/dp/B0BCQCWMPW/ref=sr_1_254?crid=2M096C61O4MLT&keywords=bags&qid=1690028429&sr=8-254,4.3 out of 5 stars,22,249,B08LDWSVH2
"Safari 48 Cms Black Formal/Office/Laptop Backpack With Anti-Theft, Lock, Usb And Rfid (Vault19Cbblk)",https://www.amazon.in/Safari-Formal-Backpack-Anti-Theft-VAULT19CBBLK/dp/B07XSTR69N/ref=sr_1_255?crid=2M096C61O4MLT&keywords=bags&qid=1690028429&sr=8-255,4.0 out of 5 stars,876,649,B09H7PK5ML
"My Fav Multiutility Wet Dry Pouch with Zipper, Reusable & Washable Organizer Bag for Travel, Beach, Pool, Stroller, Diapers, Dirty Gym Clothes, Wet Swimsuits, Toiletries (Multicolor)",https://www.amazon.in/Kidish-Print-Multiutility-Diaper-Travel/dp/B08LDWSVH2/ref=sr_1_256?crid=2M096C61O4MLT&keywords=bags&qid=1690028429&sr=8-256,4.1 out of 5 stars,39,904,B0B21Z3DBD
TRUE HUMAN Anti-Theft and USB charging port backpack with security lock Laptop bag|office bag| for men and women (Grey),https://www.amazon.in/TRUE-HUMAN-Anti-Theft-charging-combination/dp/B09H7PK5ML/ref=sr_1_257?crid=2M096C61O4MLT&keywords=bags&qid=1690028429&sr=8-257,3.8 out of 5 stars,1853,1125,B08BTPS12W
Skybags 22 ltrs (16 Cms) backpack(BPFLE22EBTH_Blith),https://www.amazon.in/Skybags-Unisex-Blith-Jacquard-Backpacks/dp/B0B21Z3DBD/ref=sr_1_259?crid=2M096C61O4MLT&keywords=bags&qid=1690028429&sr=8-259,4.1 out of 5 stars,33,249,B08LDWSVH2
Puma unisex-adult PUMA Laptop Backpack IND III Puma Red-Peacoat Laptop,https://www.amazon.in/PUMA-Laptop-Backpack-IND-Red-Peacoat/dp/B08BTPS12W/ref=sr_1_260?crid=2M096C61O4MLT&keywords=bags&qid=1690028429&sr=8-260,2.8 out of 5 stars,29,1299,B08WZ9KP7Q
"My Fav Multiutility Wet Dry Pouch with Zipper, Reusable & Washable Organizer Bag for Travel, Beach, Pool, Stroller, Diapers, Dirty Gym Clothes, Wet Swimsuits, Toiletries (Multicolor)",https://www.amazon.in/Kidish-Print-Multiutility-Diaper-Travel/dp/B08LDWSVH2/ref=sr_1_259?crid=2M096C61O4MLT&keywords=bags&qid=1690028440&sr=8-259,4.1 out of 5 stars,39,619,B09243WY6M
"Storite Multi-Pocket 15.6 Inch PU Leather Laptop Bag for Men, Shoulder Sling Business Messenger Office Bag Carrying Notebook, Tablet Handbags for Women",https://www.amazon.in/Storite-Laptop-Shoulder-Messenger-Bag/dp/B08WZ9KP7Q/ref=sr_1_260?crid=2M096C61O4MLT&keywords=bags&qid=1690028440&sr=8-260,3.8 out of 5 stars,392,399,B0C2D24G29
"POLESTAR Enzo 15.6 inch 35 LTR Casual Laptop Backpack/Office Bag/School Bag/College Bag/Business Bag/Unisex Backpack, Water Resistant and Light Weight, 1 year Warranty",https://www.amazon.in/Polestar-Liters-Polyester-Casual-Backpack/dp/B09243WY6M/ref=sr_1_261?crid=2M096C61O4MLT&keywords=bags&qid=1690028440&sr=8-261,4.1 out of 5 stars,3892,1396,B07XSTR69N
"Tabelito® NEO 3O L Water Resistant Laptop/College/Office/School/Travel/Business Bag, Unisex Backpack for Men Women Fits Up to 15.6 Inch Laptop Notebook.",https://www.amazon.in/Tabelito-NEO-Backpack-Business-Compartment/dp/B0C2D24G29/ref=sr_1_262?crid=2M096C61O4MLT&keywords=bags&qid=1690028440&sr=8-262,3.9 out of 5 stars,101,649,B09H7PK5ML
"Safari 48 Cms Black Formal/Office/Laptop Backpack With Anti-Theft, Lock, Usb And Rfid (Vault19Cbblk)",https://www.amazon.in/Safari-Formal-Backpack-Anti-Theft-VAULT19CBBLK/dp/B07XSTR69N/ref=sr_1_263?crid=2M096C61O4MLT&keywords=bags&qid=1690028440&sr=8-263,4.0 out of 5 stars,876,699,B01JGD0FYM
TRUE HUMAN Anti-Theft and USB charging port backpack with security lock Laptop bag|office bag| for men and women (Grey),https://www.amazon.in/TRUE-HUMAN-Anti-Theft-charging-combination/dp/B09H7PK5ML/ref=sr_1_264?crid=2M096C61O4MLT&keywords=bags&qid=1690028440&sr=8-264,3.8 out of 5 stars,1853,1399,B09RK6NCGC
F Gear Bi Frost 47 cms Casual Laptop Backpack (2472) - Grey,https://www.amazon.in/F-Gear-Bi-Frost-Backpack-Grey/dp/B01JGD0FYM/ref=sr_1_265?crid=2M096C61O4MLT&keywords=bags&qid=1690028440&sr=8-265,3.9 out of 5 stars,272,904,B0B21Z3DBD
Trajectory 15.6 Inch Vegan Leather Messenger Laptop bag for men in Office for all laptop like Apple MacBook with 2 Years Warranty and Spacious Multiple Compartment with Expandable Bottom Used as Shoulder and Handbag for Men,https://www.amazon.in/Trajectory-Elegant-15-6-Laptop-Office/dp/B09RK6NCGC/ref=sr_1_266?crid=2M096C61O4MLT&keywords=bags&qid=1690028440&sr=8-266,4.1 out of 5 stars,474,529,B0B74Z4F6P
Skybags 22 ltrs (16 Cms) backpack(BPFLE22EBTH_Blith),https://www.amazon.in/Skybags-Unisex-Blith-Jacquard-Backpacks/dp/B0B21Z3DBD/ref=sr_1_269?crid=2M096C61O4MLT&keywords=bags&qid=1690028440&sr=8-269,4.1 out of 5 stars,33,4999,B0B6CM781M
"AirCase Premium Messenger Bag fits Upto 14.1"" Laptop/MacBook with Handles & Detachable Shoulder Strap |Multiple Spacious Compartments | 2 in 1 Usage | Water Repellent Durable Polyester (Grey)",https://www.amazon.in/AirCase-Messenger-Detachable-Compartments-Repellent/dp/B0B74Z4F6P/ref=sr_1_270?crid=2M096C61O4MLT&keywords=bags&qid=1690028440&sr=8-270,3.5 out of 5 stars,66,999,B081GQJLD2
"MOKOBARA The Transit Backpack - 30L Premium Nylon 15.6"" Unisex Laptop Bag With Luggage Sleeve",https://www.amazon.in/MOKOBARA-Transit-Backpack-Laptop-Crypto/dp/B0B6CM781M/ref=sr_1_271?crid=2M096C61O4MLT&keywords=bags&qid=1690028440&sr=8-271,4.5 out of 5 stars,582,2099,B00FRCNTUO
"Storite PU Leather 14 inch Laptop Messenger Organizer Bag/Shoulder Sling Office Bag for Men, Notebook, Tablet Carrying Handbags For Women - Light Brown",https://www.amazon.in/Storite-Leather-Laptop-Bag-inch/dp/B081GQJLD2/ref=sr_1_272?crid=2M096C61O4MLT&keywords=bags&qid=1690028440&sr=8-272,4.0 out of 5 stars,1625,895,B097K6KD7W
American Tourister X-Bag Nylon 65 Cms Travel Duffle Bag (Black),https://www.amazon.in/American-Tourister-40X-09-009/dp/B00FRCNTUO/ref=sr_1_273?crid=2M096C61O4MLT&keywords=bags&qid=1690028440&sr=8-273,4.3 out of 5 stars,393,839,B07P5X6NSN
F Gear Colorado Grey Orange 39 Ltrs Laptop Backpack (3814),https://www.amazon.in/Gear-Colorado-Orange-Laptop-Backpack/dp/B097K6KD7W/ref=sr_1_274?crid=2M096C61O4MLT&keywords=bags&qid=1690028440&sr=8-274,4.2 out of 5 stars,207,449,B0C8BBNB8B
FUR JADEN Vegan Leather 30L 15.6 Inch Laptop Backpack for Men Women for Office Professionals and College Students Brown,https://www.amazon.in/Fur-Jaden-resistant-Backpack-BM100_Brown/dp/B07P5X6NSN/ref=sr_1_275?crid=2M096C61O4MLT&keywords=bags&qid=1690028440&sr=8-275,4.2 out of 5 stars,2318,449,B0C8BBNB8B
"MuscleBlaze Gym Duffle Bag for Women and Men, Sports Bag, Weekender Bag, Black, 30 L",https://www.amazon.in/MuscleBlaze-Duffle-Women-Sports-Weekender/dp/B0C8BBNB8B/ref=sr_1_276?crid=2M096C61O4MLT&keywords=bags&qid=1690028440&sr=8-276,5.0 out of 5 stars,3,812,B08JDK6VT1
"MuscleBlaze Gym Duffle Bag for Women and Men, Sports Bag, Weekender Bag, Black, 30 L",https://www.amazon.in/MuscleBlaze-Duffle-Women-Sports-Weekender/dp/B0C8BBNB8B/ref=sr_1_275?crid=2M096C61O4MLT&keywords=bags&qid=1690028451&sr=8-275,5.0 out of 5 stars,3,598,B0BL3S5NC1
Lavie Women's Sara Box Sling Bag | Ladies Purse Handbag,https://www.amazon.in/Lavie-Sara-Front-Sling-Medium/dp/B08JDK6VT1/ref=sr_1_276?crid=2M096C61O4MLT&keywords=bags&qid=1690028451&sr=8-276,4.0 out of 5 stars,1876,1800,B0BWNBQXDZ
NORTH ZONE Lightweight school bags Backpacks for Boys Girls Stylish men and women Casual Travel Laptop Bag College office,https://www.amazon.in/NORTH-ZONE-Lightweight-Backpacks-Stylish/dp/B0BL3S5NC1/ref=sr_1_277?crid=2M096C61O4MLT&keywords=bags&qid=1690028451&sr=8-277,3.9 out of 5 stars,826,399,B0C5HLBY7D
"uppercase Apex Professional Laptop Backpack (15.6 Inch) 3x more water resistant sustainable bags with rain proof zippers for Men, Women, Boys and Girls, 750 Days warranty",https://www.amazon.in/uppercase-Professional-Backpack-resistant-sustainable/dp/B0BWNBQXDZ/ref=sr_1_278?crid=2M096C61O4MLT&keywords=bags&qid=1690028451&sr=8-278,4.3 out of 5 stars,65,319,B077VFZHLL
Dybbuk 25 Ltrs Laptop Backpack for Office & Travel Use for Men & Women | Water Resistance Bag | Fit Up to 15.6-inch Laptop,https://www.amazon.in/Dybbuk-Laptop-Backpack-Resistance-15-6-inch/dp/B0C5HLBY7D/ref=sr_1_279?crid=2M096C61O4MLT&keywords=bags&qid=1690028451&sr=8-279,2.0 out of 5 stars,2,378,B0B2WBJ2H8
DZert School Bag Backpack 30 Liters for Boys/Girls Polyester Lightweight Bag (Pink),https://www.amazon.in/DZert-Polyester-Pink-School-Backpack/dp/B077VFZHLL/ref=sr_1_280?crid=2M096C61O4MLT&keywords=bags&qid=1690028451&sr=8-280,3.6 out of 5 stars,1918,259,B0862LF7HS
ADISA Women's Girls Party Sling Bag Crossbody,https://www.amazon.in/ADISA-Womens-Girls-Party-Crossbody/dp/B0B2WBJ2H8/ref=sr_1_281?crid=2M096C61O4MLT&keywords=bags&qid=1690028451&sr=8-281,4.0 out of 5 stars,569,549,B0844R2GMK
F Gear Enzo Sports Waist Bag (.Red),https://www.amazon.in/F-Gear-Enzo-Red-Sports-Waist-Bag/dp/B0862LF7HS/ref=sr_1_282?crid=2M096C61O4MLT&keywords=bags&qid=1690028451&sr=8-282,4.2 out of 5 stars,910,7499,B0B7X8BYQJ
"POLESTAR Space 34 L Bag for College, School, Office, Casual Multipurpose Backpack with 15.6"" Laptop Compartment, Water Resistant, Unisex Design, Stylish & Durable, 1 Year Warranty",https://www.amazon.in/POLESTAR-Navyorg-Casual-bagpack-Backpack/dp/B0844R2GMK/ref=sr_1_285?crid=2M096C61O4MLT&keywords=bags&qid=1690028451&sr=8-285,4.0 out of 5 stars,6363,1999,B09V1L5TXN
"MOKOBARA The Work Backpack 15.6"" Inch Laptop | Travel Backpack For Men And Women",https://www.amazon.in/Mokobara-Backpack-Leather-Resistant-Laptop/dp/B0B7X8BYQJ/ref=sr_1_286?crid=2M096C61O4MLT&keywords=bags&qid=1690028451&sr=8-286,4.6 out of 5 stars,82,238,B0B1HNQHXD
(India) Dell EcoLoop Urban Backpack - Blue - CP4523B,https://www.amazon.in/India-Dell-EcoLoop-Urban-Backpack/dp/B09V1L5TXN/ref=sr_1_287?crid=2M096C61O4MLT&keywords=bags&qid=1690028451&sr=8-287,4.0 out of 5 stars,38,669,B08421BRQ2
Sichumaria Flamingo Cosmetic Bag Portable Travel Makeup Bag for Women Large Travel Water-Resistant Zipper Makeup Organizer for Girls Make Up Bag Brush Bags (Pink),https://www.amazon.in/Flamingo-Cosmetic-Sichumaria-Water-Resistant-Organizer/dp/B0B1HNQHXD/ref=sr_1_288?crid=2M096C61O4MLT&keywords=bags&qid=1690028451&sr=8-288,3.9 out of 5 stars,72,1497,B0BY9DG85L
"POLESTAR Ranker 15.6 inch 32 LTR Casual Laptop Backpack/Office Bag/School Bag/College Bag/Business Bag/Unisex Backpack, Water Resistant and Light Weight, 1 year Warranty",https://www.amazon.in/POLESTAR-Ranker-Casual-Bagpack-Backpack/dp/B08421BRQ2/ref=sr_1_289?crid=2M096C61O4MLT&keywords=bags&qid=1690028451&sr=8-289,4.1 out of 5 stars,7568,2099,B07P6CNKHV
"American Tourister Quad+ Polyester 3 Compartment Unisex Backpack (Black,Frsz)",https://www.amazon.in/American-Tourister-Polyester-Compartment-Backpack/dp/B0BY9DG85L/ref=sr_1_290?crid=2M096C61O4MLT&keywords=bags&qid=1690028451&sr=8-290,3.9 out of 5 stars,9,1900,B0BR1C59R8
HARISSONS Delta 39L Laptop Backpack (Navy Blue) for Office & Travel Purpose | School Bag for Children with a Multi-Purpose Handy Pouch and Dedicated Laptop Cradle (15.6 inch) | Water-Resistant,https://www.amazon.in/Harissons-Backpack-Abrassion-Integrated-backstaps/dp/B07P6CNKHV/ref=sr_1_291?crid=2M096C61O4MLT&keywords=bags&qid=1690028451&sr=8-291,4.2 out of 5 stars,1716,746,B0B7DT6HY3
"uppercase SealPro Professional Laptop Backpack (15.6 Inch) 3x more water resistant sustainable bags with rain proof zippers & Anti-theft for Men, Women, Boys and Girls, 750 Days warranty",https://www.amazon.in/uppercase-Professional-resistant-sustainable-Anti-theft/dp/B0BR1C59R8/ref=sr_1_292?crid=2M096C61O4MLT&keywords=bags&qid=1690028451&sr=8-292,4.6 out of 5 stars,68,319,B077VFZHLL
Martucci Large 35 L Backpack Spacy Unisex/College/School/Travel Backpack with Rain Cover and Reflective Strip,https://www.amazon.in/Martucci-Laptop-Backpack-College-Reflective/dp/B0B7DT6HY3/ref=sr_1_291?crid=2M096C61O4MLT&keywords=bags&qid=1690028462&sr=8-291,4.0 out of 5 stars,1216,378,B0B2WBJ2H8
DZert School Bag Backpack 30 Liters for Boys/Girls Polyester Lightweight Bag (Pink),https://www.amazon.in/DZert-Polyester-Pink-School-Backpack/dp/B077VFZHLL/ref=sr_1_292?crid=2M096C61O4MLT&keywords=bags&qid=1690028462&sr=8-292,3.6 out of 5 stars,1918,2219,B0BJ6SCMNH
ADISA Women's Girls Party Sling Bag Crossbody,https://www.amazon.in/ADISA-Womens-Girls-Party-Crossbody/dp/B0B2WBJ2H8/ref=sr_1_293?crid=2M096C61O4MLT&keywords=bags&qid=1690028462&sr=8-293,4.0 out of 5 stars,569,259,B0862LF7HS
Tommy Hilfiger Elegant Unisex Polyester 15 Inch Laptop Backpack Red+White+Blue,https://www.amazon.in/Tommy-Hilfiger-Elegant-Polyester-Backpack/dp/B0BJ6SCMNH/ref=sr_1_294?crid=2M096C61O4MLT&keywords=bags&qid=1690028462&sr=8-294,5.0 out of 5 stars,4,3899,B0C3MH4NDY
F Gear Enzo Sports Waist Bag (.Red),https://www.amazon.in/F-Gear-Enzo-Red-Sports-Waist-Bag/dp/B0862LF7HS/ref=sr_1_295?crid=2M096C61O4MLT&keywords=bags&qid=1690028462&sr=8-295,4.2 out of 5 stars,910,7499,B0B7X8BYQJ
"Swiss Military Hard Shell Travel Backpack UFO, Alien Series Dimond Cut ABS Hardshell upto 15.6 Inch Laptop",https://www.amazon.in/Swiss-Military-Travel-Backpack-Hardshell/dp/B0C3MH4NDY/ref=sr_1_296?crid=2M096C61O4MLT&keywords=bags&qid=1690028462&sr=8-296,3.5 out of 5 stars,6,1999,B09V1L5TXN
"MOKOBARA The Work Backpack 15.6"" Inch Laptop | Travel Backpack For Men And Women",https://www.amazon.in/Mokobara-Backpack-Leather-Resistant-Laptop/dp/B0B7X8BYQJ/ref=sr_1_297?crid=2M096C61O4MLT&keywords=bags&qid=1690028462&sr=8-297,4.6 out of 5 stars,82,598,B0BL3S5NC1
(India) Dell EcoLoop Urban Backpack - Blue - CP4523B,https://www.amazon.in/India-Dell-EcoLoop-Urban-Backpack/dp/B09V1L5TXN/ref=sr_1_298?crid=2M096C61O4MLT&keywords=bags&qid=1690028462&sr=8-298,4.0 out of 5 stars,38,999,B081GQJLD2
NORTH ZONE Lightweight school bags Backpacks for Boys Girls Stylish men and women Casual Travel Laptop Bag College office,https://www.amazon.in/NORTH-ZONE-Lightweight-Backpacks-Stylish/dp/B0BL3S5NC1/ref=sr_1_301?crid=2M096C61O4MLT&keywords=bags&qid=1690028462&sr=8-301,3.9 out of 5 stars,826,1497,B0BY9DG85L
"Storite PU Leather 14 inch Laptop Messenger Organizer Bag/Shoulder Sling Office Bag for Men, Notebook, Tablet Carrying Handbags For Women - Light Brown",https://www.amazon.in/Storite-Leather-Laptop-Bag-inch/dp/B081GQJLD2/ref=sr_1_302?crid=2M096C61O4MLT&keywords=bags&qid=1690028462&sr=8-302,4.0 out of 5 stars,1625,999,B0C7WKWTZJ
"American Tourister Quad+ Polyester 3 Compartment Unisex Backpack (Black,Frsz)",https://www.amazon.in/American-Tourister-Polyester-Compartment-Backpack/dp/B0BY9DG85L/ref=sr_1_303?crid=2M096C61O4MLT&keywords=bags&qid=1690028462&sr=8-303,3.9 out of 5 stars,9,1900,B0BR1C59R8
"Meek HP Executive Essential Laptop Bag, 17.5Inch Padded Backpack Lightweight Bag - Grey Black",https://www.amazon.in/Meek-Executive-Essential-17-5Inch-Lightweight/dp/B0C7WKWTZJ/ref=sr_1_304?crid=2M096C61O4MLT&keywords=bags&qid=1690028462&sr=8-304,5.0 out of 5 stars,2,499,B07G3F1G7T
"uppercase SealPro Professional Laptop Backpack (15.6 Inch) 3x more water resistant sustainable bags with rain proof zippers & Anti-theft for Men, Women, Boys and Girls, 750 Days warranty",https://www.amazon.in/uppercase-Professional-resistant-sustainable-Anti-theft/dp/B0BR1C59R8/ref=sr_1_305?crid=2M096C61O4MLT&keywords=bags&qid=1690028462&sr=8-305,4.6 out of 5 stars,68,259,B07ZVXDHCK
ADISA Laptop Backpack 31 Ltrs,https://www.amazon.in/ADISA-BP004-Weight-Casual-Backpack/dp/B07G3F1G7T/ref=sr_1_306?crid=2M096C61O4MLT&keywords=bags&qid=1690028462&sr=8-306,4.0 out of 5 stars,8960,849,B09YCSCRBW
RIGHTCHOICE Quality Stylish Casual Backpack Daily use Unisex Typography College Bags (Boys and Girls),https://www.amazon.in/Right-Choice-Stylish-College-Backpack/dp/B07ZVXDHCK/ref=sr_1_307?crid=2M096C61O4MLT&keywords=bags&qid=1690028462&sr=8-307,3.5 out of 5 stars,974,489,B0B2JRGLXQ
Lavie Sport Chairman Backpack with Laptop Sleeve | Premium Leatherette Business Backpack for Men & Women | Durable Office Bag for Notebook/MacBook,https://www.amazon.in/Lavie-Sport-Chairman-Compatible-compartments/dp/B09YCSCRBW/ref=sr_1_308?crid=2M096C61O4MLT&keywords=bags&qid=1690028462&sr=8-308,4.0 out of 5 stars,1245,699,B0BZ4WCJHR
